ASSAY_ID	ASSAY	PROJECT	PLATE	WELL	WELL_TYPE	RAW_VALUE_A	BSUB_VALUE_A	Z_SCORE_A	RAW_VALUE_B	BSUB_VALUE_B	Z_SCORE_B	COMPOSITE_Z	REPRODUCIBILITY	CHEMBANK_ID	VIRTUAL_ID	SMILES
1156.0009	CaspaseGlo(1156.0009)	A1Inhibition	1156.0009.2461	A01	mock treatment	1960.0	513.02	1.5606	1440.0	20.952	0.0674	1.1512	0.737			
1156.0009	CaspaseGlo(1156.0009)	A1Inhibition	1156.0009.2461	A02	mock treatment	1400.0	-46.984	-0.1429	1200.0	-219.05	-0.7049	-0.5995	-0.8335			
1156.0009	CaspaseGlo(1156.0009)	A1Inhibition	1156.0009.2461	A03	compound treatment	1600.0	153.02	0.4655	1040.0	-379.05	-1.2198	-0.5334	-0.4085	2359	BSPBio_002561	CCOC(=O)C1=C[C@]2(CC)CCCN3CCc4c([C@@H]32)n1c5ccccc45
1156.0009	CaspaseGlo(1156.0009)	A1Inhibition	1156.0009.2461	A04	compound treatment	1560.0	113.02	0.3438	1200.0	-219.05	-0.7049	-0.2553	-0.3256	2060285	BSPBio_002562	O=C1CCCCC/C=C/CCCCCCCCO1
1156.0009	CaspaseGlo(1156.0009)	A1Inhibition	1156.0009.2461	A05	compound treatment	1640.0	193.02	0.5872	1600.0	180.95	0.5823	0.827	1.0	1274	BSPBio_002563	C1CN2C[C@@H](N=C2S1)c3ccccc3
1156.0009	CaspaseGlo(1156.0009)	A1Inhibition	1156.0009.2461	A06	compound treatment	1840.0	393.02	1.1956	1520.0	100.95	0.3249	1.0751	0.8678	1019872	BSPBio_002564	COc1cc2COC(=O)c2cc1OC
1156.0009	CaspaseGlo(1156.0009)	A1Inhibition	1156.0009.2461	A07	compound treatment	1560.0	113.02	0.3438	1480.0	60.952	0.1962	0.3818	0.9646	1386	BSPBio_002565	CN1CC(c2ccccc2)c3cccc(N)c3C1
1156.0009	CaspaseGlo(1156.0009)	A1Inhibition	1156.0009.2461	A08	compound treatment	1720.0	273.02	0.8305	1280.0	-139.05	-0.4475	0.2709	0.2871	348755	BSPBio_002566	OC(=O)c1cc2cc(F)ccc2[nH]1
1156.0009	CaspaseGlo(1156.0009)	A1Inhibition	1156.0009.2461	A09	compound treatment	1640.0	193.02	0.5872	1520.0	100.95	0.3249	0.6449	0.961	1270	BSPBio_002567	C[N+](C)(C)CCCCCC[N+](C)(C)C
1156.0009	CaspaseGlo(1156.0009)	A1Inhibition	1156.0009.2461	A10	compound treatment	1440.0	-6.9841	-0.0212	1240.0	-179.05	-0.5762	-0.4225	-0.7327	1094519	BSPBio_002568	CC(=O)N1CCCC1C(=O)O
1156.0009	CaspaseGlo(1156.0009)	A1Inhibition	1156.0009.2461	A11	compound treatment	1560.0	113.02	0.3438	1400.0	-19.048	-0.0613	0.1998	0.572	726	BSPBio_002569	CCOC(=O)N
1156.0009	CaspaseGlo(1156.0009)	A1Inhibition	1156.0009.2461	A12	compound treatment	1480.0	33.016	0.1004	1720.0	300.95	0.9685	0.7558	0.7763	1031375	BSPBio_002570	NC(CCCNC(=O)N)C(=O)O
1156.0009	CaspaseGlo(1156.0009)	A1Inhibition	1156.0009.2461	A13	compound treatment	1480.0	33.016	0.1004	1280.0	-139.05	-0.4475	-0.2454	-0.5351	695	BSPBio_002571	CC1CCC(CC1)NC(=O)N(CCCl)N=O
1156.0009	CaspaseGlo(1156.0009)	A1Inhibition	1156.0009.2461	A14	compound treatment	1880.0	433.02	1.3173	1440.0	20.952	0.0674	0.9791	0.7423	889	BSPBio_002572	NC(=O)c1cnccn1
1156.0009	CaspaseGlo(1156.0009)	A1Inhibition	1156.0009.2461	A15	compound treatment	1400.0	-46.984	-0.1429	1360.0	-59.048	-0.19	-0.2354	-0.9901	941	BSPBio_002573	CC(=O)Oc1cccc(O)c1
1156.0009	CaspaseGlo(1156.0009)	A1Inhibition	1156.0009.2461	A16	compound treatment	1240.0	-206.98	-0.6297	1680.0	260.95	0.8398	0.1486	0.1416	1394	BSPBio_002574	BrCCC(=O)N1CCN(CC1)C(=O)CCBr
1156.0009	CaspaseGlo(1156.0009)	A1Inhibition	1156.0009.2461	A17	compound treatment	1400.0	-46.984	-0.1429	1560.0	140.95	0.4536	0.2197	0.4619	117	BSPBio_002575	CCOC(=O)C1=C(C)NC(=C(C1c2cccc(c2)[N+](=O)[O-])C(=O)OC)C
1156.0009	CaspaseGlo(1156.0009)	A1Inhibition	1156.0009.2461	A18	compound treatment	1880.0	433.02	1.3173	1640.0	220.95	0.711	1.4342	0.9581	366	BSPBio_002576	OC(=O)Cc1nn(Cc2ccc(Br)cc2F)c(=O)c3ccccc13
1156.0009	CaspaseGlo(1156.0009)	A1Inhibition	1156.0009.2461	A19	compound treatment	1440.0	-6.9841	-0.0212	1280.0	-139.05	-0.4475	-0.3314	-0.7398	1512	BSPBio_002577	CC(C)NCC(O)c1ccc2ccccc2c1
1156.0009	CaspaseGlo(1156.0009)	A1Inhibition	1156.0009.2461	A20	compound treatment	1360.0	-86.984	-0.2646	1680.0	260.95	0.8398	0.4067	0.4619	2060108	BSPBio_002578	CC1=C(Cl)C(=O)C=C(O)C21Oc3cc(O)c(Cl)c(C)c3C2=O
1156.0009	CaspaseGlo(1156.0009)	A1Inhibition	1156.0009.2461	A21	compound treatment	1800.0	353.02	1.0739	1560.0	140.95	0.4536	1.0801	0.9265	1415	BSPBio_002579	FC(F)(F)c1cccc(c1)N2CCNCC2
1156.0009	CaspaseGlo(1156.0009)	A1Inhibition	1156.0009.2461	A22	compound treatment	1640.0	193.02	0.5872	1440.0	20.952	0.0674	0.4629	0.7832	26	BSPBio_002580	CCCCc1oc2ccccc2c1C(=O)c3cc(I)c(OCCN(CC)CC)c(I)c3
1156.0009	CaspaseGlo(1156.0009)	A1Inhibition	1156.0009.2461	A23	mock treatment	1200.0	-246.98	-0.7513	1680.0	260.95	0.8398	0.0625	0.0555			
1156.0009	CaspaseGlo(1156.0009)	A1Inhibition	1156.0009.2461	A24	mock treatment	1320.0	-126.98	-0.3863	1360.0	-59.048	-0.19	-0.4075	-0.9466			
1156.0009	CaspaseGlo(1156.0009)	A1Inhibition	1156.0009.2461	B01	mock treatment	1320.0	-126.98	-0.3863	1600.0	180.95	0.5823	0.1386	0.1984			
1156.0009	CaspaseGlo(1156.0009)	A1Inhibition	1156.0009.2461	B02	mock treatment	1680.0	233.02	0.7088	1240.0	-179.05	-0.5762	0.0938	0.1027			
1156.0009	CaspaseGlo(1156.0009)	A1Inhibition	1156.0009.2461	B03	compound treatment	1320.0	-126.98	-0.3863	1440.0	20.952	0.0674	-0.2255	-0.575	1061352	BSPBio_002581	COc1cc2Cc3cc(OC)c(OC)cc3Cc4cc(OC)c(OC)cc4Cc2cc1OC
1156.0009	CaspaseGlo(1156.0009)	A1Inhibition	1156.0009.2461	B04	compound treatment	1240.0	-206.98	-0.6297	1240.0	-179.05	-0.5762	-0.8527	-0.999	2069257	BSPBio_002582	CC1(C)CC2C1CCC(=C)C(O)CCC2=O
1156.0009	CaspaseGlo(1156.0009)	A1Inhibition	1156.0009.2461	B05	compound treatment	1440.0	-6.9841	-0.0212	1400.0	-19.048	-0.0613	-0.0584	-0.8997	3058525	BSPBio_002583	COc1cc2OC[C@H]3Oc4c5C=CC(C)(C)Oc5ccc4C(=O)[C@H]3c2cc1OC
1156.0009	CaspaseGlo(1156.0009)	A1Inhibition	1156.0009.2461	B06	compound treatment	1120.0	-326.98	-0.9947	1120.0	-299.05	-0.9624	-1.3839	-0.9999	2560	BSPBio_002584	Cc1ccc2cc3c(ccc4ccccc43)c5CCc1c52
1156.0009	CaspaseGlo(1156.0009)	A1Inhibition	1156.0009.2461	B07	compound treatment	1240.0	-206.98	-0.6297	1200.0	-219.05	-0.7049	-0.9437	-0.9984	2325	BSPBio_002585	NC(C(O)C(=O)O)C(=O)O
1156.0009	CaspaseGlo(1156.0009)	A1Inhibition	1156.0009.2461	B08	compound treatment	1720.0	273.02	0.8305	1760.0	340.95	1.0972	1.3631	0.9906	383	BSPBio_002586	CC[C@@]1(O)C(=O)OCc2c1cc3-c4nc5ccccc5cc4Cn3c2=O
1156.0009	CaspaseGlo(1156.0009)	A1Inhibition	1156.0009.2461	B09	compound treatment	1400.0	-46.984	-0.1429	1480.0	60.952	0.1962	0.0376	0.1551	1026119	BSPBio_002587	COc1ccc(C(=O)O)c(O)c1OC
1156.0009	CaspaseGlo(1156.0009)	A1Inhibition	1156.0009.2461	B10	compound treatment	1640.0	193.02	0.5872	1480.0	60.952	0.1962	0.5539	0.8947	2547	BSPBio_002588	CC(=CC1C(C(=O)OCc2cccc(Oc3ccccc3)c2)C1(C)C)C
1156.0009	CaspaseGlo(1156.0009)	A1Inhibition	1156.0009.2461	B11	compound treatment	1200.0	-246.98	-0.7513	1400.0	-19.048	-0.0613	-0.5746	-0.7623	2060313	BSPBio_002589	C/C/1=C/CC(C)(C)\C=C\C\C(=C\CC1)\C
1156.0009	CaspaseGlo(1156.0009)	A1Inhibition	1156.0009.2461	B12	compound treatment	1960.0	513.02	1.5606	1800.0	380.95	1.2259	1.9704	0.9929	3177379	BSPBio_002590	CC(=O)O[C@H]1CC(=C)C(CC[C@](C)(O)C=C)C2(C)CCCC(C)(C)C12
1156.0009	CaspaseGlo(1156.0009)	A1Inhibition	1156.0009.2461	B13	compound treatment	1280.0	-166.98	-0.508	1320.0	-99.048	-0.3187	-0.5846	-0.9748		BSPBio_002591	
1156.0009	CaspaseGlo(1156.0009)	A1Inhibition	1156.0009.2461	B14	compound treatment	1560.0	113.02	0.3438	1640.0	220.95	0.711	0.7459	0.9444	994	BSPBio_002592	N[C@@H](CCONC(=N)N)C(=O)O
1156.0009	CaspaseGlo(1156.0009)	A1Inhibition	1156.0009.2461	B15	compound treatment	1200.0	-246.98	-0.7513	1760.0	340.95	1.0972	0.2446	0.1839	3055472	BSPBio_002593	CC(C)CCCC(C)[C@H]1CCC2C3CC[C@@H]4C[C@H](O)CC[C@]4(C)C3CC[C@]12C
1156.0009	CaspaseGlo(1156.0009)	A1Inhibition	1156.0009.2461	B16	compound treatment	1440.0	-6.9841	-0.0212	1160.0	-259.05	-0.8336	-0.6045	-0.7249	3173364	BSPBio_002594	C[C@H]1[C@@]2(C)CCC3C(CCC4C[C@H](CC[C@@]43C)O[C@H]5O[C@H](CO)[C@H](O[C@H]6O[C@H](CO)[C@@H](O)[C@H](O[C@H]7OC[C@@H](O)[C@H](O)[C@H]7O[C@H]8O[C@H](CO)[C@@H](O)[C@H](O)[C@H]8O)[C@H]6O)[C@H](O)[C@H]5O)C2O[C@]91CC[C@H](C)CN9
1156.0009	CaspaseGlo(1156.0009)	A1Inhibition	1156.0009.2461	B17	compound treatment	1280.0	-166.98	-0.508	1400.0	-19.048	-0.0613	-0.4025	-0.7867	2069272	BSPBio_002595	CC1C[C@H]2CC(=O)[C@H]3CCCN4CCC[C@H]2[C@]34C1
1156.0009	CaspaseGlo(1156.0009)	A1Inhibition	1156.0009.2461	B18	compound treatment	1360.0	-86.984	-0.2646	1560.0	140.95	0.4536	0.1336	0.2545	2060363	BSPBio_002596	COc1cc(O)cc(OC)c1OC
1156.0009	CaspaseGlo(1156.0009)	A1Inhibition	1156.0009.2461	B19	compound treatment	880.0	-566.98	-1.7248	1080.0	-339.05	-1.0911	-1.9911	-0.9756	2060441	BSPBio_002597	OC(=O)c1cc(O)c2C(=O)c3c(O)cc(O)cc3C(=O)c2c1
1156.0009	CaspaseGlo(1156.0009)	A1Inhibition	1156.0009.2461	B20	compound treatment	1280.0	-166.98	-0.508	1240.0	-179.05	-0.5762	-0.7666	-0.998	3198326	BSPBio_002598	O[C@@H]1O[C@H](COC(=O)CC[N+](=O)[O-])[C@@H](OC(=O)CC[N+](=O)[O-])[C@H](OC(=O)CC[N+](=O)[O-])[C@H]1OC(=O)CC[N+](=O)[O-]
1156.0009	CaspaseGlo(1156.0009)	A1Inhibition	1156.0009.2461	B21	compound treatment	1160.0	-286.98	-0.873	1640.0	220.95	0.711	-0.1145	-0.1017	3198531	BSPBio_002599	COc1ccc(cc1)c2oc3c(CC=C(C)C)c(O[C@@H]4O[C@H](CO)[C@@H](O)[C@H](O)[C@H]4O)cc(O)c3c(=O)c2O[C@@H]5O[C@@H](C)[C@H](O)[C@@H](O)[C@H]5O
1156.0009	CaspaseGlo(1156.0009)	A1Inhibition	1156.0009.2461	B22	compound treatment	1160.0	-286.98	-0.873	1720.0	300.95	0.9685	0.0675	0.0518	3172845	BSPBio_002600	CCC(C)C(=O)O[C@H]1[C@H](O)C2C(CN3CC(C)CCC3[C@@]2(C)O)C4C[C@]5(O[C@@]6(O)C7C(OC(=O)C)[C@@H](OC(=O)C)C5[C@@]41O)[C@@]7(C)CCC6OC(=O)C(C)(O)CC
1156.0009	CaspaseGlo(1156.0009)	A1Inhibition	1156.0009.2461	B23	mock treatment	1640.0	193.02	0.5872	1480.0	60.952	0.1962	0.5539	0.8947			
1156.0009	CaspaseGlo(1156.0009)	A1Inhibition	1156.0009.2461	B24	mock treatment	1360.0	-86.984	-0.2646	1640.0	220.95	0.711	0.3157	0.4161			
1156.0009	CaspaseGlo(1156.0009)	A1Inhibition	1156.0009.2461	C01	mock treatment	1720.0	273.02	0.8305	1440.0	20.952	0.0674	0.6349	0.762			
1156.0009	CaspaseGlo(1156.0009)	A1Inhibition	1156.0009.2461	C02	mock treatment	1280.0	-166.98	-0.508	1280.0	-139.05	-0.4475	-0.6756	-0.998			
1156.0009	CaspaseGlo(1156.0009)	A1Inhibition	1156.0009.2461	C03	compound treatment	1480.0	33.016	0.1004	1680.0	260.95	0.8398	0.6648	0.7861	419	BSPBio_002601	CC1=NN(C(=O)C1)c2ccccc2
1156.0009	CaspaseGlo(1156.0009)	A1Inhibition	1156.0009.2461	C04	compound treatment	1440.0	-6.9841	-0.0212	1280.0	-139.05	-0.4475	-0.3314	-0.7398	2069337	BSPBio_002602	COC(=O)C(C)c1ccc(cc1)C(=O)c2cccs2
1156.0009	CaspaseGlo(1156.0009)	A1Inhibition	1156.0009.2461	C05	compound treatment	1680.0	233.02	0.7088	1560.0	140.95	0.4536	0.822	0.9767	445	BSPBio_002603	NC(=O)c1cccc(N)c1
1156.0009	CaspaseGlo(1156.0009)	A1Inhibition	1156.0009.2461	C06	compound treatment	1160.0	-286.98	-0.873	1400.0	-19.048	-0.0613	-0.6607	-0.7549	1436	BSPBio_002604	CCCNC(C)C(=O)Nc1ccccc1C
1156.0009	CaspaseGlo(1156.0009)	A1Inhibition	1156.0009.2461	C07	compound treatment	1560.0	113.02	0.3438	1640.0	220.95	0.711	0.7459	0.9444	2069284	BSPBio_002605	COc1ccc2cc(ccc2c1)[C@H](C)CO
1156.0009	CaspaseGlo(1156.0009)	A1Inhibition	1156.0009.2461	C08	compound treatment	1760.0	313.02	0.9522	1680.0	260.95	0.8398	1.2671	0.998	3198551	BSPBio_002606	O[C@H]1[C@@H](O)[C@H](O)[C@@H](O)[C@H](O)[C@H]1O
1156.0009	CaspaseGlo(1156.0009)	A1Inhibition	1156.0009.2461	C09	compound treatment	1600.0	153.02	0.4655	1240.0	-179.05	-0.5762	-0.0783	-0.1057	1357	BSPBio_002607	CCCCN1CCCCC1C(=O)Nc2c(C)cccc2C
1156.0009	CaspaseGlo(1156.0009)	A1Inhibition	1156.0009.2461	C10	compound treatment	1360.0	-86.984	-0.2646	1640.0	220.95	0.711	0.3157	0.4161	1119	BSPBio_002608	CSCCC(NC=O)C(=O)NC(Cc1ccccc1)C(=O)O
1156.0009	CaspaseGlo(1156.0009)	A1Inhibition	1156.0009.2461	C11	compound treatment	1480.0	33.016	0.1004	1800.0	380.95	1.2259	0.9379	0.7625	1390	BSPBio_002609	CC(C)(C)NCC(O)c1cc(Cl)c(N)c(Cl)c1
1156.0009	CaspaseGlo(1156.0009)	A1Inhibition	1156.0009.2461	C12	compound treatment	1640.0	193.02	0.5872	1400.0	-19.048	-0.0613	0.3718	0.6299	693	BSPBio_002610	CCN(CC)CCOc1ccc-2c(c1)C(=O)c3cc(OCCN(CC)CC)ccc32
1156.0009	CaspaseGlo(1156.0009)	A1Inhibition	1156.0009.2461	C13	compound treatment	1840.0	393.02	1.1956	1680.0	260.95	0.8398	1.4392	0.9851	1453	BSPBio_002611	CN1CCCN=C1/C=C/c2sccc2C
1156.0009	CaspaseGlo(1156.0009)	A1Inhibition	1156.0009.2461	C14	compound treatment	960.0	-486.98	-1.4814	1880.0	460.95	1.4834	0.0014	7.0E-4	2060414	BSPBio_002612	OC(=O)c1nc2cc(Cl)c(Cl)cc2nc1O
1156.0009	CaspaseGlo(1156.0009)	A1Inhibition	1156.0009.2461	C15	compound treatment	1520.0	73.016	0.2221	1200.0	-219.05	-0.7049	-0.3414	-0.4619	1586	BSPBio_002613	NCCCCNCCCN
1156.0009	CaspaseGlo(1156.0009)	A1Inhibition	1156.0009.2461	C16	compound treatment	1280.0	-166.98	-0.508	1440.0	20.952	0.0674	-0.3115	-0.6079	1000045	BSPBio_002614	CC(=O)O[C@@H]1C2=C(C)[C@H](C[C@@](O)([C@@H](OC(=O)c3ccccc3)C4[C@@]5(CO[C@@H]5C[C@H](O)[C@@]4(C)C1=O)OC(=O)C)C2(C)C)OC(=O)[C@H](O)[C@@H](NC(=O)c6ccccc6)c7ccccc7
1156.0009	CaspaseGlo(1156.0009)	A1Inhibition	1156.0009.2461	C17	compound treatment	1280.0	-166.98	-0.508	1720.0	300.95	0.9685	0.3256	0.2978	3172723	BSPBio_002615	CC(=O)OC[C@@]1(O)C[C@@]2(C[C@H]1CCC23)CCC4c5ccoc5CC[C@@]43C
1156.0009	CaspaseGlo(1156.0009)	A1Inhibition	1156.0009.2461	C18	compound treatment	1760.0	313.02	0.9522	1400.0	-19.048	-0.0613	0.63	0.6602	2060244	BSPBio_002616	COC1=CC(=O)OC(CCc2ccc(OC)c(OC)c2)C1
1156.0009	CaspaseGlo(1156.0009)	A1Inhibition	1156.0009.2461	C19	compound treatment	1680.0	233.02	0.7088	1160.0	-259.05	-0.8336	-0.0882	-0.0806	765	BSPBio_002617	Oc1ccnc(S)n1
1156.0009	CaspaseGlo(1156.0009)	A1Inhibition	1156.0009.2461	C20	compound treatment	1560.0	113.02	0.3438	1360.0	-59.048	-0.19	0.1087	0.2768	3198312	BSPBio_002618	C[C@@]12CCC3C(C=CC4=CC(=O)CC[C@]34C)C2CC[C@]51CCC(=O)O5
1156.0009	CaspaseGlo(1156.0009)	A1Inhibition	1156.0009.2461	C21	compound treatment	1280.0	-166.98	-0.508	1440.0	20.952	0.0674	-0.3115	-0.6079	2060327	BSPBio_002619	COc1cc2CCN(C)[C@H]3Oc4ccc(O)c(Oc5cc6[C@H](Cc7ccc(Oc(c1O)c32)cc7)N(C)CCc6cc5OC)c4
1156.0009	CaspaseGlo(1156.0009)	A1Inhibition	1156.0009.2461	C22	compound treatment	1440.0	-6.9841	-0.0212	1200.0	-219.05	-0.7049	-0.5135	-0.7281	3057756	BSPBio_002620	C1CCN2C[C@H]3C[C@@H](CN4CCCC[C@H]34)[C@@H]2C1
1156.0009	CaspaseGlo(1156.0009)	A1Inhibition	1156.0009.2461	C23	mock treatment	1480.0	33.016	0.1004	1520.0	100.95	0.3249	0.3007	0.8844			
1156.0009	CaspaseGlo(1156.0009)	A1Inhibition	1156.0009.2461	C24	mock treatment	1080.0	-366.98	-1.1164	1680.0	260.95	0.8398	-0.1956	-0.14			
1156.0009	CaspaseGlo(1156.0009)	A1Inhibition	1156.0009.2461	D01	mock treatment	1280.0	-166.98	-0.508	1560.0	140.95	0.4536	-0.0384	-0.0565			
1156.0009	CaspaseGlo(1156.0009)	A1Inhibition	1156.0009.2461	D02	mock treatment	1480.0	33.016	0.1004	1120.0	-299.05	-0.9624	-0.6095	-0.6299			
1156.0009	CaspaseGlo(1156.0009)	A1Inhibition	1156.0009.2461	D03	compound treatment	1680.0	233.02	0.7088	1200.0	-219.05	-0.7049	0.0028	0.0028	3198313	BSPBio_002621	C[C@@H]1CC[C@@]2(CC[C@]3(C)C(=CCC4[C@@]5(C)C[C@@H](O)[C@H](O)[C@@](C)(CO)C5[C@H](O)C[C@]43C)[C@@H]2[C@H]1C)C(=O)O
1156.0009	CaspaseGlo(1156.0009)	A1Inhibition	1156.0009.2461	D04	compound treatment	1520.0	73.016	0.2221	1480.0	60.952	0.1962	0.2958	0.9981	2546	BSPBio_002622	COC(=O)NC(=S)Nc1ccccc1NC(=S)NC(=O)OC
1156.0009	CaspaseGlo(1156.0009)	A1Inhibition	1156.0009.2461	D05	compound treatment	1680.0	233.02	0.7088	1800.0	380.95	1.2259	1.3681	0.9661	3076175	BSPBio_002623	COc1cc(ccc1O)[C@H]2Oc3cc(ccc3O[C@@H]2CO)[C@H]4Oc5cc(O)cc(O)c5C(=O)[C@@H]4O
1156.0009	CaspaseGlo(1156.0009)	A1Inhibition	1156.0009.2461	D06	compound treatment	1520.0	73.016	0.2221	1440.0	20.952	0.0674	0.2047	0.882	3174367	BSPBio_002624	NCCC(=O)N[C@@H](Cc1c[nH]cn1)C(=O)O
1156.0009	CaspaseGlo(1156.0009)	A1Inhibition	1156.0009.2461	D07	compound treatment	1480.0	33.016	0.1004	1360.0	-59.048	-0.19	-0.0633	-0.2947	3078458	BSPBio_002625	CCCCCC/C=C\CCCCCCCc1cccc(O)c1C(=O)O
1156.0009	CaspaseGlo(1156.0009)	A1Inhibition	1156.0009.2461	D08	compound treatment	1400.0	-46.984	-0.1429	1320.0	-99.048	-0.3187	-0.3265	-0.9345	3055280	BSPBio_002626	CCCCCCc1ccc(O)cc1O.Nc1c2ccccc2nc3ccccc13
1156.0009	CaspaseGlo(1156.0009)	A1Inhibition	1156.0009.2461	D09	compound treatment	1760.0	313.02	0.9522	1200.0	-219.05	-0.7049	0.1749	0.1476	2141064	BSPBio_002627	COC1=C[C@@H]2[C@@H]3Cc4ccc(OC)c(O)c4[C@]2(CCN3C)CC1=O
1156.0009	CaspaseGlo(1156.0009)	A1Inhibition	1156.0009.2461	D10	compound treatment	1880.0	433.02	1.3173	2040.0	620.95	1.9983	2.3444	0.9795	1082254	BSPBio_002628	OC(=O)CCNC(=O)c1ccccc1
1156.0009	CaspaseGlo(1156.0009)	A1Inhibition	1156.0009.2461	D11	compound treatment	1400.0	-46.984	-0.1429	1280.0	-139.05	-0.4475	-0.4175	-0.8887	1084508	BSPBio_002629	COc1ccc2cc3-c4cc(OC)c(OC)cc4CC[n+]3cc2c1OC
1156.0009	CaspaseGlo(1156.0009)	A1Inhibition	1156.0009.2461	D12	compound treatment	2120.0	673.02	2.0473	1440.0	20.952	0.0674	1.4954	0.73	2060400	BSPBio_002630	CC(C)c1ccc2c(CCC3[C@](C)(CN)CCC[C@@]32C)c1
1156.0009	CaspaseGlo(1156.0009)	A1Inhibition	1156.0009.2461	D13	compound treatment	1280.0	-166.98	-0.508	1080.0	-339.05	-1.0911	-1.1307	-0.9395	2069250	BSPBio_002631	OCC(O)CC(O)CCCCCCCCCCCC#C
1156.0009	CaspaseGlo(1156.0009)	A1Inhibition	1156.0009.2461	D14	compound treatment	2040.0	593.02	1.804	1800.0	380.95	1.2259	2.1425	0.9823	1473	BSPBio_002632	CC1(C)[C@@H](O)CC[C@@]2(C)C1CC[C@]3(C)C2C(=O)C=C4[C@@H]5C[C@](C)(CC[C@]5(C)CC[C@]43C)C(=O)O
1156.0009	CaspaseGlo(1156.0009)	A1Inhibition	1156.0009.2461	D15	compound treatment	1680.0	233.02	0.7088	1400.0	-19.048	-0.0613	0.4579	0.6436	3079228	BSPBio_002633	CCNC(=O)CC[C@H](N)C(=O)O
1156.0009	CaspaseGlo(1156.0009)	A1Inhibition	1156.0009.2461	D16	compound treatment	1360.0	-86.984	-0.2646	1360.0	-59.048	-0.19	-0.3215	-0.9868	1001284	BSPBio_002634	CC(C)C1NC(=O)C(NC(=O)c2ccc(C)c3oc4c(C)c(=O)c(N)c(C(=O)NC5C(C)OC(=O)C(C(C)C)N(C)C(=O)CN(C)C(=O)C6CCCC6C(=O)C(NC5=O)C(C)C)c4nc23)C(C)OC(=O)C(C(C)C)N(C)C(=O)CN(C)C(=O)C7CCCC7C1=O
1156.0009	CaspaseGlo(1156.0009)	A1Inhibition	1156.0009.2461	D17	compound treatment	640.0	-806.98	-2.4549	720.0	-699.05	-2.2496	-3.3266	-0.999	1129781	BSPBio_002635	COc1ccc(cc1)c2cc(=O)c3c(OC)cc(OC)cc3o2
1156.0009	CaspaseGlo(1156.0009)	A1Inhibition	1156.0009.2461	D18	compound treatment	1760.0	313.02	0.9522	1800.0	380.95	1.2259	1.5402	0.9922	2060421	BSPBio_002636	C[C@](O)(CCC1C(=C)C[C@H](O)C2C(C)(C)CCCC12C)C=C
1156.0009	CaspaseGlo(1156.0009)	A1Inhibition	1156.0009.2461	D19	compound treatment	1680.0	233.02	0.7088	1480.0	60.952	0.1962	0.6399	0.8701	3080393	BSPBio_002637	COc1ccc(cc1)c2c(O)c3c(OC)c4CCC(C)(C)Oc4cc3oc2=O
1156.0009	CaspaseGlo(1156.0009)	A1Inhibition	1156.0009.2461	D20	compound treatment	1520.0	73.016	0.2221	1400.0	-19.048	-0.0613	0.1137	0.4935	2069338	BSPBio_002638	CC(=O)O[C@@H]1Cc2c(OC(=O)C)cc(OC(=O)C)cc2O[C@@H]1c3ccc(OC(=O)C)c(OC(=O)C)c3
1156.0009	CaspaseGlo(1156.0009)	A1Inhibition	1156.0009.2461	D21	compound treatment	1720.0	273.02	0.8305	1400.0	-19.048	-0.0613	0.5439	0.6531	3198546	BSPBio_002639	CC(=CCC/C(=C/COC(=O)\C=C\c1ccccc1)/C)C
1156.0009	CaspaseGlo(1156.0009)	A1Inhibition	1156.0009.2461	D22	compound treatment	1640.0	193.02	0.5872	1280.0	-139.05	-0.4475	0.0988	0.1338	3263	BSPBio_002640	CNC(C)(C)Cc1ccccc1
1156.0009	CaspaseGlo(1156.0009)	A1Inhibition	1156.0009.2461	D23	mock treatment	1480.0	33.016	0.1004	1680.0	260.95	0.8398	0.6648	0.7861			
1156.0009	CaspaseGlo(1156.0009)	A1Inhibition	1156.0009.2461	D24	mock treatment	1640.0	193.02	0.5872	1880.0	460.95	1.4834	1.4641	0.9177			
1156.0009	CaspaseGlo(1156.0009)	A1Inhibition	1156.0009.2461	E01	mock treatment	1400.0	-46.984	-0.1429	1440.0	20.952	0.0674	-0.0534	-0.3378			
1156.0009	CaspaseGlo(1156.0009)	A1Inhibition	1156.0009.2461	E02	mock treatment	1880.0	433.02	1.3173	1320.0	-99.048	-0.3187	0.7061	0.521			
1156.0009	CaspaseGlo(1156.0009)	A1Inhibition	1156.0009.2461	E03	compound treatment	1480.0	33.016	0.1004	1520.0	100.95	0.3249	0.3007	0.8844	1537011	BSPBio_002641	CN(C)CCC(c1ccc(Br)cc1)c2ccccn2
1156.0009	CaspaseGlo(1156.0009)	A1Inhibition	1156.0009.2461	E04	compound treatment	1400.0	-46.984	-0.1429	1360.0	-59.048	-0.19	-0.2354	-0.9901	3198428	BSPBio_002642	CCOC(=O)[C@H](CCc1ccccc1)N[C@H](C)C(=O)N2[C@@H](CC3CCCCC32)C(=O)O
1156.0009	CaspaseGlo(1156.0009)	A1Inhibition	1156.0009.2461	E05	compound treatment	2040.0	593.02	1.804	1480.0	60.952	0.1962	1.4143	0.7794	2060330	BSPBio_002643	OC[C@H](O)[C@@H](O)[C@H](O[C@@H]1O[C@H](CO)[C@@H](O)[C@H](O)[C@H]1O)[C@H](O)CO
1156.0009	CaspaseGlo(1156.0009)	A1Inhibition	1156.0009.2461	E06	compound treatment	1680.0	233.02	0.7088	1560.0	140.95	0.4536	0.822	0.9767	1001332	BSPBio_002644	CN(C)CCC[C@]1(OCc2cc(C#N)ccc21)c3ccc(F)cc3
1156.0009	CaspaseGlo(1156.0009)	A1Inhibition	1156.0009.2461	E07	compound treatment	1440.0	-6.9841	-0.0212	1600.0	180.95	0.5823	0.3967	0.6809	691	BSPBio_002645	CC1(C)S[C@@H]2[C@H](NC(=O)[C@H](NC(=O)N3CCNC3=O)c4ccccc4)C(=O)N2C1C(=O)O
1156.0009	CaspaseGlo(1156.0009)	A1Inhibition	1156.0009.2461	E08	compound treatment	1880.0	433.02	1.3173	1920.0	500.95	1.6121	2.0714	0.995	3480229	BSPBio_002646	COc1cc2nc(nc(N)c2cc1OC)N(C)CCCNC(=O)C3CCCO3
1156.0009	CaspaseGlo(1156.0009)	A1Inhibition	1156.0009.2461	E09	compound treatment	1840.0	393.02	1.1956	1400.0	-19.048	-0.0613	0.8021	0.67	2060340	BSPBio_002647	CC(=O)/C(=C\c1ccccc1)/CC(=O)O
1156.0009	CaspaseGlo(1156.0009)	A1Inhibition	1156.0009.2461	E10	compound treatment	1440.0	-6.9841	-0.0212	1880.0	460.95	1.4834	1.0339	0.6969	3174103	BSPBio_002648	C/C/1=C\CC[C@@]2(C)OC2[C@H]3OC(=O)C(=C)[C@@H]3CC1
1156.0009	CaspaseGlo(1156.0009)	A1Inhibition	1156.0009.2461	E11	compound treatment	1520.0	73.016	0.2221	1360.0	-59.048	-0.19	0.0227	0.0776	1054504	BSPBio_002649	COc1c(OCC(O)C(C)(C)O)ccc2c(OC)c3ccoc3nc12
1156.0009	CaspaseGlo(1156.0009)	A1Inhibition	1156.0009.2461	E12	compound treatment	1200.0	-246.98	-0.7513	1480.0	60.952	0.1962	-0.3926	-0.5056	1470	BSPBio_002650	N[C@@H](Cc1ccc(O)cc1)C(=O)N[C@H](CCCNC(=N)N)C(=O)O
1156.0009	CaspaseGlo(1156.0009)	A1Inhibition	1156.0009.2461	E13	compound treatment	1360.0	-86.984	-0.2646	1440.0	20.952	0.0674	-0.1394	-0.5106	2060307	BSPBio_002651	COc1ccc2[C@@H](O)[C@H](Cc3ccc(OC)c(OC)c3)COc2c1
1156.0009	CaspaseGlo(1156.0009)	A1Inhibition	1156.0009.2461	E14	compound treatment	1880.0	433.02	1.3173	1640.0	220.95	0.711	1.4342	0.9581	690	BSPBio_002652	CC(C)NCC(O)COc1ccccc1CC=C
1156.0009	CaspaseGlo(1156.0009)	A1Inhibition	1156.0009.2461	E15	compound treatment	1400.0	-46.984	-0.1429	1880.0	460.95	1.4834	0.9479	0.636	2060301	BSPBio_002653	COc1ccc(cc1O)c2cc(=O)c3c(O)cc(O)cc3o2
1156.0009	CaspaseGlo(1156.0009)	A1Inhibition	1156.0009.2461	E16	compound treatment	1600.0	153.02	0.4655	1680.0	260.95	0.8398	0.923	0.9613	885	BSPBio_002654	Clc1ccc2Oc3ccccc3N=C(N4CCNCC4)c2c1
1156.0009	CaspaseGlo(1156.0009)	A1Inhibition	1156.0009.2461	E17	compound treatment	1400.0	-46.984	-0.1429	1640.0	220.95	0.711	0.4017	0.5539	2069298	BSPBio_002655	CC(=O)Nc1c(I)cc(I)c(C(=O)O)c1I
1156.0009	CaspaseGlo(1156.0009)	A1Inhibition	1156.0009.2461	E18	compound treatment	1760.0	313.02	0.9522	1120.0	-299.05	-0.9624	-0.0072	-0.0053	1200	BSPBio_002656	NC1C[C@H]1c2ccccc2
1156.0009	CaspaseGlo(1156.0009)	A1Inhibition	1156.0009.2461	E19	compound treatment	1600.0	153.02	0.4655	1200.0	-219.05	-0.7049	-0.1693	-0.2004	3474304	BSPBio_002657	COc1ccc(cc1)C(CN(C)C)C2(O)CCCCC2
1156.0009	CaspaseGlo(1156.0009)	A1Inhibition	1156.0009.2461	E20	compound treatment	1840.0	393.02	1.1956	1400.0	-19.048	-0.0613	0.8021	0.67	2060201	BSPBio_002658	CC(=O)OCC(O)CC(O)CCCCCCCCCCCC#C
1156.0009	CaspaseGlo(1156.0009)	A1Inhibition	1156.0009.2461	E21	compound treatment	1240.0	-206.98	-0.6297	1400.0	-19.048	-0.0613	-0.4886	-0.7723	1001204	BSPBio_002659	COc1ccc(cc1)C(=O)CC(=O)c2ccc(cc2)C(C)(C)C
1156.0009	CaspaseGlo(1156.0009)	A1Inhibition	1156.0009.2461	E22	compound treatment	1160.0	-286.98	-0.873	1640.0	220.95	0.711	-0.1145	-0.1017	2081691	BSPBio_002660	CC(=CCC/C(=C/CC/C(=C/CO)/C)/C)C
1156.0009	CaspaseGlo(1156.0009)	A1Inhibition	1156.0009.2461	E23	mock treatment	1680.0	233.02	0.7088	1280.0	-139.05	-0.4475	0.1848	0.2205			
1156.0009	CaspaseGlo(1156.0009)	A1Inhibition	1156.0009.2461	E24	mock treatment	1680.0	233.02	0.7088	1440.0	20.952	0.0674	0.5489	0.7709			
1156.0009	CaspaseGlo(1156.0009)	A1Inhibition	1156.0009.2461	F01	mock treatment	1560.0	113.02	0.3438	1520.0	100.95	0.3249	0.4728	0.9996			
1156.0009	CaspaseGlo(1156.0009)	A1Inhibition	1156.0009.2461	F02	mock treatment	1440.0	-6.9841	-0.0212	1360.0	-59.048	-0.19	-0.1494	-0.7813			
1156.0009	CaspaseGlo(1156.0009)	A1Inhibition	1156.0009.2461	F03	compound treatment	1160.0	-286.98	-0.873	1560.0	140.95	0.4536	-0.2966	-0.3014	2069315	BSPBio_002661	COc1cc(OC)c2c(=O)c(coc2c1)c3ccccc3
1156.0009	CaspaseGlo(1156.0009)	A1Inhibition	1156.0009.2461	F04	compound treatment	1480.0	33.016	0.1004	1600.0	180.95	0.5823	0.4828	0.817	1668673	BSPBio_002662	Nc1ccc(cc1)S(=O)(=O)Nc2ccc(Cl)nn2
1156.0009	CaspaseGlo(1156.0009)	A1Inhibition	1156.0009.2461	F05	compound treatment	1520.0	73.016	0.2221	1080.0	-339.05	-1.0911	-0.6145	-0.5518	3079229	BSPBio_002663	CC1(C)C2CC(O)C(C)(O)CC21
1156.0009	CaspaseGlo(1156.0009)	A1Inhibition	1156.0009.2461	F06	compound treatment	1720.0	273.02	0.8305	1360.0	-59.048	-0.19	0.4529	0.5316	2069240	BSPBio_002664	CC(=O)OCC(=O)[C@@]1(O)CCC2C3CC[C@@H]4C[C@@H](CC[C@]4(C)C3C(=O)C[C@@]21C)OC(=O)C
1156.0009	CaspaseGlo(1156.0009)	A1Inhibition	1156.0009.2461	F07	compound treatment	1440.0	-6.9841	-0.0212	1600.0	180.95	0.5823	0.3967	0.6809	2060187	BSPBio_002665	COc1cccc(/C=C/C(=O)O)c1C(C)C
1156.0009	CaspaseGlo(1156.0009)	A1Inhibition	1156.0009.2461	F08	compound treatment	1480.0	33.016	0.1004	1240.0	-179.05	-0.5762	-0.3364	-0.5752	813	BSPBio_002666	CC(=O)O[C@H]1CCC2C3CCc4cc(OC(=O)C)ccc4C3CC[C@]12C
1156.0009	CaspaseGlo(1156.0009)	A1Inhibition	1156.0009.2461	F09	compound treatment	1400.0	-46.984	-0.1429	1560.0	140.95	0.4536	0.2197	0.4619	3198535	BSPBio_002667	CC(=O)O[C@@H]1CC2C(C)(C)[C@H](O)C[C@H](O)[C@]2(C)C3CC[C@]4(C)[C@@H](OC(=O)C=C4[C@]13C)c5ccoc5
1156.0009	CaspaseGlo(1156.0009)	A1Inhibition	1156.0009.2461	F10	compound treatment	1520.0	73.016	0.2221	1880.0	460.95	1.4834	1.206	0.804	3054072	BSPBio_002668	OC(=O)CCCCCCCCCCCCC1CCC=C1
1156.0009	CaspaseGlo(1156.0009)	A1Inhibition	1156.0009.2461	F11	compound treatment	1840.0	393.02	1.1956	1680.0	260.95	0.8398	1.4392	0.9851	1044258	BSPBio_002669	COc1cc2occ(c3ccc(O)cc3)c(=O)c2c(OC)c1O
1156.0009	CaspaseGlo(1156.0009)	A1Inhibition	1156.0009.2461	F12	compound treatment	1560.0	113.02	0.3438	1720.0	300.95	0.9685	0.9279	0.9029	2060132	BSPBio_002670	CC1=CC(=O)C2C(C)(C)CCC[C@]2(C)[C@@]1(O)CCc3ccoc3
1156.0009	CaspaseGlo(1156.0009)	A1Inhibition	1156.0009.2461	F13	compound treatment	1360.0	-86.984	-0.2646	1560.0	140.95	0.4536	0.1336	0.2545	3198552	BSPBio_002671	CO[C@H]1[C@@H](O)[C@@H](C)O[C@H](O[C@H]2CCC3(C)C4CCC5(C)[C@H](CC[C@]5(O)[C@@H]4CC[C@]3(O)C2)C6=CC(=O)OC6)[C@@H]1O
1156.0009	CaspaseGlo(1156.0009)	A1Inhibition	1156.0009.2461	F14	compound treatment	1640.0	193.02	0.5872	1760.0	340.95	1.0972	1.191	0.9571	2060140	BSPBio_002672	COc1cc2occc2c3oc(=O)ccc13
1156.0009	CaspaseGlo(1156.0009)	A1Inhibition	1156.0009.2461	F15	compound treatment	1320.0	-126.98	-0.3863	1200.0	-219.05	-0.7049	-0.7716	-0.9599	1020088	BSPBio_002673	NNCc1ccccc1
1156.0009	CaspaseGlo(1156.0009)	A1Inhibition	1156.0009.2461	F16	compound treatment	1680.0	233.02	0.7088	1280.0	-139.05	-0.4475	0.1848	0.2205	3174245	BSPBio_002674	OC[C@H]1O[C@@H](Oc2cc(O)cc(O)c2C(=O)CCc3ccc(O)cc3)[C@H](O)[C@@H](O)[C@@H]1O
1156.0009	CaspaseGlo(1156.0009)	A1Inhibition	1156.0009.2461	F17	compound treatment	4760.0	3313.0	10.0783	3520.0	2101.0	6.7611	11.9073	0.9811	2549	BSPBio_002675	C[n+]1cc2c3OCOc3ccc2c4ccc5cc6OCOc6cc5c14
1156.0009	CaspaseGlo(1156.0009)	A1Inhibition	1156.0009.2461	F18	compound treatment	1160.0	-286.98	-0.873	1240.0	-179.05	-0.5762	-1.0247	-0.9797	422	BSPBio_002676	Oc1cccc2C(=O)C=CC(=O)c12
1156.0009	CaspaseGlo(1156.0009)	A1Inhibition	1156.0009.2461	F19	compound treatment	1400.0	-46.984	-0.1429	1280.0	-139.05	-0.4475	-0.4175	-0.8887	1482	BSPBio_002677	CN1CCc2cc3OCOc3cc2C1O
1156.0009	CaspaseGlo(1156.0009)	A1Inhibition	1156.0009.2461	F20	compound treatment	120.0	-1327.0	-4.0367	120.0	-1299.0	-4.1805	-5.8104	-0.9998	2060136	BSPBio_002678	CC(=C)c1cc2cc(C(=O)C)c(O)cc2o1
1156.0009	CaspaseGlo(1156.0009)	A1Inhibition	1156.0009.2461	F21	compound treatment	1480.0	33.016	0.1004	1080.0	-339.05	-1.0911	-0.7005	-0.6393	3471036	BSPBio_002679	OC(=O)C1=C(C[n+]2ccccc2)CSC3C(NC(=O)Cc4cccs4)C(=O)N31
1156.0009	CaspaseGlo(1156.0009)	A1Inhibition	1156.0009.2461	F22	compound treatment	1680.0	233.02	0.7088	1640.0	220.95	0.711	1.004	1.0	2060245	BSPBio_002680	OC[C@H]1O[C@@](CO)(O[C@@H]2O[C@H](CO)[C@@H](O)[C@H](O)[C@H]2O)[C@@H](O[C@@H]3O[C@H](CO)[C@@H](O)[C@H](O)[C@H]3O)[C@@H]1O
1156.0009	CaspaseGlo(1156.0009)	A1Inhibition	1156.0009.2461	F23	mock treatment	1280.0	-166.98	-0.508	1360.0	-59.048	-0.19	-0.4936	-0.91			
1156.0009	CaspaseGlo(1156.0009)	A1Inhibition	1156.0009.2461	F24	mock treatment	1720.0	273.02	0.8305	1600.0	180.95	0.5823	0.999	0.9849			
1156.0009	CaspaseGlo(1156.0009)	A1Inhibition	1156.0009.2461	G01	mock treatment	1520.0	73.016	0.2221	1480.0	60.952	0.1962	0.2958	0.9981			
1156.0009	CaspaseGlo(1156.0009)	A1Inhibition	1156.0009.2461	G02	mock treatment	1520.0	73.016	0.2221	1600.0	180.95	0.5823	0.5688	0.9127			
1156.0009	CaspaseGlo(1156.0009)	A1Inhibition	1156.0009.2461	G03	compound treatment	1480.0	33.016	0.1004	1120.0	-299.05	-0.9624	-0.6095	-0.6299	1000656	BSPBio_002681	OC1=C([C@H]2CC[C@@H](CC2)c3ccc(Cl)cc3)C(=O)c4ccccc4C1=O
1156.0009	CaspaseGlo(1156.0009)	A1Inhibition	1156.0009.2461	G04	compound treatment	1280.0	-166.98	-0.508	1680.0	260.95	0.8398	0.2346	0.2391	351	BSPBio_002682	CC(C)NCC(O)COc1cccc2ccccc12
1156.0009	CaspaseGlo(1156.0009)	A1Inhibition	1156.0009.2461	G05	compound treatment	1280.0	-166.98	-0.508	1480.0	60.952	0.1962	-0.2205	-0.4049		BSPBio_002683	
1156.0009	CaspaseGlo(1156.0009)	A1Inhibition	1156.0009.2461	G06	compound treatment	1520.0	73.016	0.2221	1360.0	-59.048	-0.19	0.0227	0.0776	709	BSPBio_002684	COc1ccc(CCN2CCC(CC2)Nc3nc4ccccc4n3Cc5ccc(F)cc5)cc1
1156.0009	CaspaseGlo(1156.0009)	A1Inhibition	1156.0009.2461	G07	compound treatment	1560.0	113.02	0.3438	1720.0	300.95	0.9685	0.9279	0.9029	1898	BSPBio_002685	OC(=O)CC[N+](=O)[O-]
1156.0009	CaspaseGlo(1156.0009)	A1Inhibition	1156.0009.2461	G08	compound treatment	1520.0	73.016	0.2221	1480.0	60.952	0.1962	0.2958	0.9981	832	BSPBio_002686	CCCn1c(=O)n(CCC)c2[nH]c(nc2c1=O)C3CCCC3
1156.0009	CaspaseGlo(1156.0009)	A1Inhibition	1156.0009.2461	G09	compound treatment	1560.0	113.02	0.3438	1840.0	420.95	1.3547	1.201	0.8593	1635	BSPBio_002687	CCCCC1=NC2(CCCC2)C(=O)N1Cc3ccc(cc3)c4ccccc4c5nnn[nH]5
1156.0009	CaspaseGlo(1156.0009)	A1Inhibition	1156.0009.2461	G10	compound treatment	1640.0	193.02	0.5872	1320.0	-99.048	-0.3187	0.1898	0.2841	1001954	BSPBio_002688	C/C=C/1\[C@@H]2Cc3[nH]c(=O)ccc3[C@@]1(N)CC(=C2)C
1156.0009	CaspaseGlo(1156.0009)	A1Inhibition	1156.0009.2461	G11	compound treatment	1520.0	73.016	0.2221	1480.0	60.952	0.1962	0.2958	0.9981	1000155	BSPBio_002689	C[C@H]1COc2c(N3CCN(C)CC3)c(F)cc4c(=O)c(cn1c24)C(=O)O
1156.0009	CaspaseGlo(1156.0009)	A1Inhibition	1156.0009.2461	G12	compound treatment	1560.0	113.02	0.3438	1320.0	-99.048	-0.3187	0.0177	0.0378	721	BSPBio_002690	CO[C@H]1C[C@H](O[C@H]2[C@H](C)[C@@H](OC3O[C@H](C)C[C@@H]([C@H]3O)N(C)C)[C@@H](C)C[C@]4(CO4)C(=O)[C@H](C)[C@@H](O)[C@@H](C)[C@@H](C)OC(=O)[C@@H]2C)O[C@@H](C)[C@@H]1O
1156.0009	CaspaseGlo(1156.0009)	A1Inhibition	1156.0009.2461	G13	compound treatment	1680.0	233.02	0.7088	1560.0	140.95	0.4536	0.822	0.9767	2069295	BSPBio_002691	CCOc1nc2cccc(C(=O)OC(C)OC(=O)OC3CCCCC3)c2n1Cc4ccc(cc4)c5ccccc5c6nnn[nH]6
1156.0009	CaspaseGlo(1156.0009)	A1Inhibition	1156.0009.2461	G14	compound treatment	1760.0	313.02	0.9522	1720.0	300.95	0.9685	1.3581	1.0	3650208	BSPBio_002692	CCC1OC(=O)[C@H](C)C(=O)[C@H](C)[C@@H](OC2O[C@H](C)C[C@@H]([C@H]2O)N(C)C)[C@@](C)(C[C@@H](C)C(=O)[C@H](C)[C@H]3N(CCCCn4cnc(c4)c5cccnc5)C(=O)O[C@]31C)OC
1156.0009	CaspaseGlo(1156.0009)	A1Inhibition	1156.0009.2461	G15	compound treatment	1760.0	313.02	0.9522	1800.0	380.95	1.2259	1.5402	0.9922	1000093	BSPBio_002693	CN(CCOc1ccc(CC2SC(=O)NC2=O)cc1)c3ccccn3
1156.0009	CaspaseGlo(1156.0009)	A1Inhibition	1156.0009.2461	G16	compound treatment	1480.0	33.016	0.1004	1560.0	140.95	0.4536	0.3918	0.8433	3078277	BSPBio_002694	CN[C@H]1[C@@H](O)[C@H]2O[C@@H](O[C@@H]3[C@@H](N)C[C@@H](N)[C@H](O)[C@H]3O)[C@H](N)C[C@@H]2O[C@@H]1O[C@H]4O[C@H](CO)[C@@H](N)[C@H](O)[C@H]4O
1156.0009	CaspaseGlo(1156.0009)	A1Inhibition	1156.0009.2461	G17	compound treatment	1680.0	233.02	0.7088	1800.0	380.95	1.2259	1.3681	0.9661	1606766	BSPBio_002695	CCCCc1nc(Cl)c(CO)n1Cc2ccc(cc2)c3ccccc3c4nnn[nH]4
1156.0009	CaspaseGlo(1156.0009)	A1Inhibition	1156.0009.2461	G18	compound treatment	1440.0	-6.9841	-0.0212	1520.0	100.95	0.3249	0.2147	0.6595	1672	BSPBio_002696	OC(=O)CCc1nc(c(o1)c2ccccc2)c3ccccc3
1156.0009	CaspaseGlo(1156.0009)	A1Inhibition	1156.0009.2461	G19	compound treatment	1360.0	-86.984	-0.2646	1600.0	180.95	0.5823	0.2247	0.3512	1001366	BSPBio_002697	COc1c(N2CCNC(C)C2)c(F)cc3c(=O)c(cn(C4CC4)c13)C(=O)O
1156.0009	CaspaseGlo(1156.0009)	A1Inhibition	1156.0009.2461	G20	compound treatment	1800.0	353.02	1.0739	1840.0	420.95	1.3547	1.7172	0.9934	3078457	BSPBio_002698	CN[C@H]1CC[C@@H](c2ccc(Cl)c(Cl)c2)c3ccccc13
1156.0009	CaspaseGlo(1156.0009)	A1Inhibition	1156.0009.2461	G21	compound treatment	1440.0	-6.9841	-0.0212	1480.0	60.952	0.1962	0.1237	0.6269	1000878	BSPBio_002699	OCCN1C[C@@H](O)[C@@H](O)C(O)C1CO
1156.0009	CaspaseGlo(1156.0009)	A1Inhibition	1156.0009.2461	G22	compound treatment	960.0	-486.98	-1.4814	1400.0	-19.048	-0.0613	-1.0909	-0.7357	3198316	BSPBio_002700	C[C@@H]1O[C@@H](OC[C@H]2OC(Oc3c(oc4cc(OCCO)cc(O)c4c3=O)c5ccc(OCCO)c(OCCO)c5)[C@H](O)[C@@H](O)[C@@H]2O)[C@H](O)[C@H](O)[C@H]1O
1156.0009	CaspaseGlo(1156.0009)	A1Inhibition	1156.0009.2461	G23	mock treatment	1240.0	-206.98	-0.6297	1320.0	-99.048	-0.3187	-0.6706	-0.9502			
1156.0009	CaspaseGlo(1156.0009)	A1Inhibition	1156.0009.2461	G24	mock treatment	1600.0	153.02	0.4655	1320.0	-99.048	-0.3187	0.1038	0.1839			
1156.0009	CaspaseGlo(1156.0009)	A1Inhibition	1156.0009.2461	H01	mock treatment	1360.0	-86.984	-0.2646	1280.0	-139.05	-0.4475	-0.5035	-0.9686			
1156.0009	CaspaseGlo(1156.0009)	A1Inhibition	1156.0009.2461	H02	mock treatment	1440.0	-6.9841	-0.0212	1440.0	20.952	0.0674	0.0327	0.4619			
1156.0009	CaspaseGlo(1156.0009)	A1Inhibition	1156.0009.2461	H03	compound treatment	1240.0	-206.98	-0.6297	1280.0	-139.05	-0.4475	-0.7616	-0.986	755	BSPBio_002701	CC(CN(C)C)CN1c2ccccc2CCc3ccccc13
1156.0009	CaspaseGlo(1156.0009)	A1Inhibition	1156.0009.2461	H04	compound treatment	1680.0	233.02	0.7088	1600.0	180.95	0.5823	0.913	0.9952	1330	BSPBio_002702	ClCCN(CCCl)CCCl
1156.0009	CaspaseGlo(1156.0009)	A1Inhibition	1156.0009.2461	H05	compound treatment	1160.0	-286.98	-0.873	1320.0	-99.048	-0.3187	-0.8427	-0.9067	1082	BSPBio_002703	CN(Cc1cc(Br)cc(Br)c1N)C2CCCCC2
1156.0009	CaspaseGlo(1156.0009)	A1Inhibition	1156.0009.2461	H06	compound treatment	1400.0	-46.984	-0.1429	1480.0	60.952	0.1962	0.0376	0.1551	1086162	BSPBio_002704	COc1c2ccoc2c(OC)c3oc(=O)ccc13
1156.0009	CaspaseGlo(1156.0009)	A1Inhibition	1156.0009.2461	H07	compound treatment	1640.0	193.02	0.5872	1360.0	-59.048	-0.19	0.2808	0.455	1837	BSPBio_002705	CS(=O)(=O)c1ccc(cc1)C2=C(C(=O)OC2)c3ccccc3
1156.0009	CaspaseGlo(1156.0009)	A1Inhibition	1156.0009.2461	H08	compound treatment	1320.0	-126.98	-0.3863	1520.0	100.95	0.3249	-0.0434	-0.086	3174242	BSPBio_002706	OC[C@H]1O[C@@H](Oc2ccc(O)cc2)[C@H](O)[C@@H](O)[C@@H]1O
1156.0009	CaspaseGlo(1156.0009)	A1Inhibition	1156.0009.2461	H09	compound treatment	1560.0	113.02	0.3438	1360.0	-59.048	-0.19	0.1087	0.2768	3650210	BSPBio_002707	COC1C[C@H]2N3C[C@@H](O)C2(C=C1)c4cc5OCOc5cc4C3
1156.0009	CaspaseGlo(1156.0009)	A1Inhibition	1156.0009.2461	H10	compound treatment	1680.0	233.02	0.7088	1600.0	180.95	0.5823	0.913	0.9952	1601	BSPBio_002708	COc1c(OC)c2ccc(=O)oc2c3ccoc13
1156.0009	CaspaseGlo(1156.0009)	A1Inhibition	1156.0009.2461	H11	compound treatment	1480.0	33.016	0.1004	1520.0	100.95	0.3249	0.3007	0.8844	2069260	BSPBio_002709	CC[C@@]1(O)C[C@H](O)c2c(O)c3C(=O)c4c(O)ccc(O)c4C(=O)c3cc2[C@H]1C(=O)OC
1156.0009	CaspaseGlo(1156.0009)	A1Inhibition	1156.0009.2461	H12	compound treatment	2320.0	873.02	2.6557	1800.0	380.95	1.2259	2.7448	0.9384	2060142	BSPBio_002710	CC(=O)OC1C/C(=C/CC/C(=C/CC[C@](C)(O)C2CC1C(=C)C(=O)O2)/C)/C
1156.0009	CaspaseGlo(1156.0009)	A1Inhibition	1156.0009.2461	H13	compound treatment	1840.0	393.02	1.1956	1360.0	-59.048	-0.19	0.711	0.5873	1191	BSPBio_002711	Oc1c(Cl)cc(Cl)c2cccnc12
1156.0009	CaspaseGlo(1156.0009)	A1Inhibition	1156.0009.2461	H14	compound treatment	1640.0	193.02	0.5872	1400.0	-19.048	-0.0613	0.3718	0.6299	1000110	BSPBio_002712	CO[C@H]1[C@@H](C[C@@H]2CN3CCc4c([nH]c5cc(OC)ccc45)[C@@H]3C[C@@H]2[C@@H]1C(=O)OC)OC(=O)c6cc(OC)c(OC)c(OC)c6
1156.0009	CaspaseGlo(1156.0009)	A1Inhibition	1156.0009.2461	H15	compound treatment	1480.0	33.016	0.1004	1520.0	100.95	0.3249	0.3007	0.8844	862	BSPBio_002713	CCCCCCCCCCCCCCCC[N+](C)(C)C
1156.0009	CaspaseGlo(1156.0009)	A1Inhibition	1156.0009.2461	H16	compound treatment	1560.0	113.02	0.3438	1640.0	220.95	0.711	0.7459	0.9444	2060264	BSPBio_002714	C[C@@H]1CC[C@]2(CCC3(C)[C@]4(OC2=O)C=CC5[C@@]6(C)CC[C@H](O)C(C)(C)C6CC[C@]53C)C4[C@H]1C
1156.0009	CaspaseGlo(1156.0009)	A1Inhibition	1156.0009.2461	H17	compound treatment	1480.0	33.016	0.1004	2080.0	660.95	2.127	1.575	0.7397	3079226	BSPBio_002715	C1CN2Cc3ccccc3N=C2C1
1156.0009	CaspaseGlo(1156.0009)	A1Inhibition	1156.0009.2461	H18	compound treatment	1520.0	73.016	0.2221	1600.0	180.95	0.5823	0.5688	0.9127	2060134	BSPBio_002716	COc1cc2ccc(=O)oc2c3ccoc13
1156.0009	CaspaseGlo(1156.0009)	A1Inhibition	1156.0009.2461	H19	compound treatment	1480.0	33.016	0.1004	1400.0	-19.048	-0.0613	0.0277	0.2352	3173855	BSPBio_002717	CC[C@H]1OC(=O)[C@H](C)[C@@H](O[C@H]2C[C@@](C)(OC)[C@@H](O)[C@H](C)O2)[C@H](C)[C@@H](O[C@@H]3O[C@H](C)C[C@@H]([C@H]3O)N(C)C)[C@](C)(O)C[C@@H](C)/C(=N\OCOCCOC)/[C@H](C)[C@@H](O)[C@]1(C)O
1156.0009	CaspaseGlo(1156.0009)	A1Inhibition	1156.0009.2461	H20	compound treatment	1440.0	-6.9841	-0.0212	1800.0	380.95	1.2259	0.8519	0.6947	2060080	BSPBio_002718	CC(=CCCC1(C)Oc2c(CC=C(C)C)c3OC4(C5CC6CC4C(=O)c3c(O)c2C=C1)C(C/C=C(/C)\C(=O)O)(OC5(C)C)C6O)C
1156.0009	CaspaseGlo(1156.0009)	A1Inhibition	1156.0009.2461	H21	compound treatment	1600.0	153.02	0.4655	1360.0	-59.048	-0.19	0.1948	0.3874	3055573	BSPBio_002719	OC[C@H]1OC([C@H](O)[C@@H]1O)n2cnc3c(=O)[nH]cnc23
1156.0009	CaspaseGlo(1156.0009)	A1Inhibition	1156.0009.2461	H22	compound treatment	1800.0	353.02	1.0739	1640.0	220.95	0.711	1.2621	0.98	1913604	BSPBio_002720	OC(=O)CCCN1C(=O)c2cccc3cccc(C1=O)c23
1156.0009	CaspaseGlo(1156.0009)	A1Inhibition	1156.0009.2461	H23	mock treatment	1480.0	33.016	0.1004	1440.0	20.952	0.0674	0.1187	0.9812			
1156.0009	CaspaseGlo(1156.0009)	A1Inhibition	1156.0009.2461	H24	mock treatment	1400.0	-46.984	-0.1429	1640.0	220.95	0.711	0.4017	0.5539			
1156.0009	CaspaseGlo(1156.0009)	A1Inhibition	1156.0009.2461	I01	mock treatment	1720.0	273.02	0.8305	1560.0	140.95	0.4536	0.908	0.9595			
1156.0009	CaspaseGlo(1156.0009)	A1Inhibition	1156.0009.2461	I02	mock treatment	1720.0	273.02	0.8305	1400.0	-19.048	-0.0613	0.5439	0.6531			
1156.0009	CaspaseGlo(1156.0009)	A1Inhibition	1156.0009.2461	I03	compound treatment	1240.0	-206.98	-0.6297	1480.0	60.952	0.1962	-0.3065	-0.4648	1001030	BSPBio_002721	Cc1onc(c1c2ccc(cc2)S(=O)(=O)N)c3ccccc3
1156.0009	CaspaseGlo(1156.0009)	A1Inhibition	1156.0009.2461	I04	compound treatment	1680.0	233.02	0.7088	1560.0	140.95	0.4536	0.822	0.9767	2660	BSPBio_002722	CCN(C(=O)/C=C/C)c1ccccc1C
1156.0009	CaspaseGlo(1156.0009)	A1Inhibition	1156.0009.2461	I05	compound treatment	1640.0	193.02	0.5872	1600.0	180.95	0.5823	0.827	1.0	3480074	BSPBio_002723	CCc1ccc(CCOc2ccc(CC3SC(=O)NC3=O)cc2)nc1
1156.0009	CaspaseGlo(1156.0009)	A1Inhibition	1156.0009.2461	I06	compound treatment	1680.0	233.02	0.7088	1520.0	100.95	0.3249	0.7309	0.9374	939	BSPBio_002724	Cc1cccc(Nc2ccccc2C(=O)O)c1C
1156.0009	CaspaseGlo(1156.0009)	A1Inhibition	1156.0009.2461	I07	compound treatment	1560.0	113.02	0.3438	1480.0	60.952	0.1962	0.3818	0.9646	3480078	BSPBio_002725	CC(C)N(CCC(c1ccccc1)c2cc(C)ccc2O)C(C)C
1156.0009	CaspaseGlo(1156.0009)	A1Inhibition	1156.0009.2461	I08	compound treatment	1440.0	-6.9841	-0.0212	1520.0	100.95	0.3249	0.2147	0.6595	1594	BSPBio_002726	N[C@@H](CCCNC(=N)N[N+](=O)[O-])C(=O)O
1156.0009	CaspaseGlo(1156.0009)	A1Inhibition	1156.0009.2461	I09	compound treatment	1600.0	153.02	0.4655	1560.0	140.95	0.4536	0.6499	0.9999	3480246	BSPBio_002727	CCOC(=O)C1=C(COCCN)NC(=C(C1c2ccccc2Cl)C(=O)OC)C
1156.0009	CaspaseGlo(1156.0009)	A1Inhibition	1156.0009.2461	I10	compound treatment	1560.0	113.02	0.3438	1600.0	180.95	0.5823	0.6549	0.9684	1471	BSPBio_002728	CN1C(c2ccc(Cl)cc2)S(=O)(=O)CCC1=O
1156.0009	CaspaseGlo(1156.0009)	A1Inhibition	1156.0009.2461	I11	compound treatment	1600.0	153.02	0.4655	1560.0	140.95	0.4536	0.6499	0.9999	1001346	BSPBio_002729	OC(CC[C@@H]1[C@H](N(C1=O)c2ccc(F)cc2)c3ccc(O)cc3)c4ccc(F)cc4
1156.0009	CaspaseGlo(1156.0009)	A1Inhibition	1156.0009.2461	I12	compound treatment	1640.0	193.02	0.5872	1240.0	-179.05	-0.5762	0.0078	0.0094	3198323	BSPBio_002730	COc1cc(OC)c2c(=O)c(coc2c1)c3ccc4OCOc4c3
1156.0009	CaspaseGlo(1156.0009)	A1Inhibition	1156.0009.2461	I13	compound treatment	1680.0	233.02	0.7088	1240.0	-179.05	-0.5762	0.0938	0.1027	1000393	BSPBio_002731	CN(C)CCc1c[nH]c2ccc(CS(=O)(=O)N3CCCC3)cc12
1156.0009	CaspaseGlo(1156.0009)	A1Inhibition	1156.0009.2461	I14	compound treatment	1440.0	-6.9841	-0.0212	1440.0	20.952	0.0674	0.0327	0.4619	2060317	BSPBio_002732	COc1cc(OC)c2c(OC)c(c3ccc4OCOc4c3)c(=O)oc2c1
1156.0009	CaspaseGlo(1156.0009)	A1Inhibition	1156.0009.2461	I15	compound treatment	2280.0	833.02	2.5341	1600.0	180.95	0.5823	2.2036	0.8475	3059791	BSPBio_002733	Nc1nc(cs1)/C(=C/CC(=O)O)/C(=O)N[C@H]2[C@H]3SCC=C(N3C2=O)C(=O)O
1156.0009	CaspaseGlo(1156.0009)	A1Inhibition	1156.0009.2461	I16	compound treatment	1680.0	233.02	0.7088	1560.0	140.95	0.4536	0.822	0.9767	1149	BSPBio_002734	CN(N=O)C(=O)N[C@H]1[C@@H](O)O[C@H](CO)[C@@H](O)[C@@H]1O
1156.0009	CaspaseGlo(1156.0009)	A1Inhibition	1156.0009.2461	I17	compound treatment	1520.0	73.016	0.2221	1560.0	140.95	0.4536	0.4778	0.946	3059465	BSPBio_002735	Nc1nc(cs1)/C(=N/O)/C(=O)N[C@H]2[C@H]3SCC(=C(N3C2=O)C(=O)O)C=C
1156.0009	CaspaseGlo(1156.0009)	A1Inhibition	1156.0009.2461	I18	compound treatment	1640.0	193.02	0.5872	1640.0	220.95	0.711	0.918	0.9955	907179	BSPBio_002736	C/C(=C\C=C\C=C(/C)\C=C\C=C(/C)\C=C\C1=C(C)C(=O)C(O)CC1(C)C)/C=C/C=C(\C)/C=C/C2=C(C)C(=O)C(O)CC2(C)C
1156.0009	CaspaseGlo(1156.0009)	A1Inhibition	1156.0009.2461	I19	compound treatment	1640.0	193.02	0.5872	1800.0	380.95	1.2259	1.2821	0.9432	3480112	BSPBio_002737	CC(C)CC(N(C)C)C1(CCC1)c2ccc(Cl)cc2
1156.0009	CaspaseGlo(1156.0009)	A1Inhibition	1156.0009.2461	I20	compound treatment	1480.0	33.016	0.1004	2200.0	780.95	2.5132	1.8481	0.7348	3198547	BSPBio_002738	CCCc1nc2c(C)cc(cc2n1Cc3ccc(cc3)c4ccccc4C(=O)O)c5nc6ccccc6n5C
1156.0009	CaspaseGlo(1156.0009)	A1Inhibition	1156.0009.2461	I21	compound treatment	1920.0	473.02	1.4389	1320.0	-99.048	-0.3187	0.7921	0.5374	1045399	BSPBio_002739	CC(=O)C1CCC2C3CC(=O)C4=CC(=O)CCC4(C)C3CCC12C
1156.0009	CaspaseGlo(1156.0009)	A1Inhibition	1156.0009.2461	I22	compound treatment	1040.0	-406.98	-1.2381	1200.0	-219.05	-0.7049	-1.3739	-0.9644	1233	BSPBio_002740	CO[C@@H]1[C@@H](O)[C@H](C)O[C@H](O[C@H]2CC[C@@]3(C=O)[C@H](CCC4C3CC[C@]5(C)[C@H](CC[C@]45O)C6=CC(=O)OC6)C2)[C@H]1O
1156.0009	CaspaseGlo(1156.0009)	A1Inhibition	1156.0009.2461	I23	mock treatment	1200.0	-246.98	-0.7513	1480.0	60.952	0.1962	-0.3926	-0.5056			
1156.0009	CaspaseGlo(1156.0009)	A1Inhibition	1156.0009.2461	I24	mock treatment	1440.0	-6.9841	-0.0212	1440.0	20.952	0.0674	0.0327	0.4619			
1156.0009	CaspaseGlo(1156.0009)	A1Inhibition	1156.0009.2461	J01	mock treatment	1520.0	73.016	0.2221	1400.0	-19.048	-0.0613	0.1137	0.4935			
1156.0009	CaspaseGlo(1156.0009)	A1Inhibition	1156.0009.2461	J02	mock treatment	1640.0	193.02	0.5872	1320.0	-99.048	-0.3187	0.1898	0.2841			
1156.0009	CaspaseGlo(1156.0009)	A1Inhibition	1156.0009.2461	J03	compound treatment	1120.0	-326.98	-0.9947	1280.0	-139.05	-0.4475	-1.0198	-0.935	3173492	BSPBio_002741	COc1cc2CC[C@H](NC(=O)C)c3cc(=O)c(O)ccc3-c2c(OC)c1OC
1156.0009	CaspaseGlo(1156.0009)	A1Inhibition	1156.0009.2461	J04	compound treatment	1720.0	273.02	0.8305	1640.0	220.95	0.711	1.0901	0.997	2060305	BSPBio_002742	CCCCC[C@H](CC(=O)O)C(=O)O
1156.0009	CaspaseGlo(1156.0009)	A1Inhibition	1156.0009.2461	J05	compound treatment	1600.0	153.02	0.4655	1600.0	180.95	0.5823	0.7409	0.9938	2060503	BSPBio_002743	C1Oc2ccc(cc2O1)[C@H]3OC[C@@H]4[C@@H](OC[C@H]34)c5ccc6OCOc6c5
1156.0009	CaspaseGlo(1156.0009)	A1Inhibition	1156.0009.2461	J06	compound treatment	1480.0	33.016	0.1004	2280.0	860.95	2.7706	2.0302	0.7323	3177461	BSPBio_002744	CN1C2C[C@H](O)[C@@H]1C[C@H](C2)OC(=O)[C@H](CO)c3ccccc3
1156.0009	CaspaseGlo(1156.0009)	A1Inhibition	1156.0009.2461	J07	compound treatment	1280.0	-166.98	-0.508	1600.0	180.95	0.5823	0.0526	0.068	2060439	BSPBio_002745	COC1=C(OC)C(=O)C(=C(C)C1=O)C/C=C(\C)/CC/C=C(\C)/CC/C=C(\C)/CC\C=C(\C)/CC/C=C(\C)/CC/C=C(\C)/CC/C=C(\C)/CC/C=C(\C)/CC/C=C(\C)/CCC=C(C)C
1156.0009	CaspaseGlo(1156.0009)	A1Inhibition	1156.0009.2461	J08	compound treatment	1440.0	-6.9841	-0.0212	1400.0	-19.048	-0.0613	-0.0584	-0.8997	3057756	BSPBio_002746	C1CCN2C[C@H]3C[C@@H](CN4CCCC[C@H]34)[C@@H]2C1
1156.0009	CaspaseGlo(1156.0009)	A1Inhibition	1156.0009.2461	J09	compound treatment	1560.0	113.02	0.3438	1560.0	140.95	0.4536	0.5638	0.9907	2060248	BSPBio_002747	OC1=Cc2c(O)cc(O)cc2OC1(O)c3ccc(O)c(O)c3
1156.0009	CaspaseGlo(1156.0009)	A1Inhibition	1156.0009.2461	J10	compound treatment	1560.0	113.02	0.3438	1360.0	-59.048	-0.19	0.1087	0.2768	1098	BSPBio_002748	C[C@@]12C[C@H](O)C3C(CCC4=CC(=O)CC[C@]34C)C2CC[C@]1(O)C(=O)CO
1156.0009	CaspaseGlo(1156.0009)	A1Inhibition	1156.0009.2461	J11	compound treatment	1520.0	73.016	0.2221	1720.0	300.95	0.9685	0.8419	0.8473	2060042	BSPBio_002749	CCC(C)c1cnc(CC(C)C)c(=O)n1O
1156.0009	CaspaseGlo(1156.0009)	A1Inhibition	1156.0009.2461	J12	compound treatment	1560.0	113.02	0.3438	1560.0	140.95	0.4536	0.5638	0.9907	3047	BSPBio_002750	C[C@H]1[C@@H]2CC[C@@]3(C)C=CC(=O)C(=C3[C@H]2OC1=O)C
1156.0009	CaspaseGlo(1156.0009)	A1Inhibition	1156.0009.2461	J13	compound treatment	1640.0	193.02	0.5872	1640.0	220.95	0.711	0.918	0.9955	2557	BSPBio_002751	COS(=O)(=O)C
1156.0009	CaspaseGlo(1156.0009)	A1Inhibition	1156.0009.2461	J14	compound treatment	2600.0	1153.0	3.5075	2680.0	1261.0	4.0579	5.3495	0.9974	1107153	BSPBio_002752	CC(=O)c1cc2C=CC(C)(C)Oc2cc1O
1156.0009	CaspaseGlo(1156.0009)	A1Inhibition	1156.0009.2461	J15	compound treatment	1160.0	-286.98	-0.873	1440.0	20.952	0.0674	-0.5696	-0.6506	2069241	BSPBio_002753	COc1ccc2C3CC[C@]4(C)[C@@H](O)CCC4C3CCc2c1
1156.0009	CaspaseGlo(1156.0009)	A1Inhibition	1156.0009.2461	J16	compound treatment	2040.0	593.02	1.804	1320.0	-99.048	-0.3187	1.0502	0.5733	2060197	BSPBio_002754	COC1(C)CCC2OC2(C)CCC3C1CC3(C)C
1156.0009	CaspaseGlo(1156.0009)	A1Inhibition	1156.0009.2461	J17	compound treatment	1760.0	313.02	0.9522	1880.0	460.95	1.4834	1.7222	0.977	1661997	BSPBio_002755	CC12CCC3C(CCc4cc(OC(=O)c5ccccc5)ccc34)C2CCC1O
1156.0009	CaspaseGlo(1156.0009)	A1Inhibition	1156.0009.2461	J18	compound treatment	1520.0	73.016	0.2221	1400.0	-19.048	-0.0613	0.1137	0.4935	2060191	BSPBio_002756	CC1(C)CC2C1CCC(=O)C(CCC2=C)C3CC(=O)OC3=O
1156.0009	CaspaseGlo(1156.0009)	A1Inhibition	1156.0009.2461	J19	compound treatment	1160.0	-286.98	-0.873	1760.0	340.95	1.0972	0.1585	0.1131	1007364	BSPBio_002757	CCOC(=O)C1C(C=C(C)C)C1(C)C
1156.0009	CaspaseGlo(1156.0009)	A1Inhibition	1156.0009.2461	J20	compound treatment	1160.0	-286.98	-0.873	920.0	-499.05	-1.606	-1.7529	-0.959	3055391	BSPBio_002758	OC[C@H]1O[C@@H](Oc2cc(O)c3c(=O)cc(oc3c2)c4ccc(O)cc4)[C@H](O)[C@@H](O)[C@@H]1O
1156.0009	CaspaseGlo(1156.0009)	A1Inhibition	1156.0009.2461	J21	compound treatment	1880.0	433.02	1.3173	1760.0	340.95	1.0972	1.7073	0.9959	2857	BSPBio_002759	O=C1CCc2cc(OCCCCc3nnnn3C4CCCCC4)ccc2N1
1156.0009	CaspaseGlo(1156.0009)	A1Inhibition	1156.0009.2461	J22	compound treatment	1320.0	-126.98	-0.3863	1560.0	140.95	0.4536	0.0476	0.0799	3198645	BSPBio_002760	CC(C)CCCC(C)C1CCC2C3C[C@@H](O)[C@@]4(O)C[C@@H](O)CC[C@]4(C)C3CC[C@]12C
1156.0009	CaspaseGlo(1156.0009)	A1Inhibition	1156.0009.2461	J23	mock treatment	1400.0	-46.984	-0.1429	1160.0	-259.05	-0.8336	-0.6905	-0.8164			
1156.0009	CaspaseGlo(1156.0009)	A1Inhibition	1156.0009.2461	J24	mock treatment	1440.0	-6.9841	-0.0212	1240.0	-179.05	-0.5762	-0.4225	-0.7327			
1156.0009	CaspaseGlo(1156.0009)	A1Inhibition	1156.0009.2461	K01	mock treatment	1640.0	193.02	0.5872	1640.0	220.95	0.711	0.918	0.9955			
1156.0009	CaspaseGlo(1156.0009)	A1Inhibition	1156.0009.2461	K02	mock treatment	1200.0	-246.98	-0.7513	1160.0	-259.05	-0.8336	-1.1207	-0.9987			
1156.0009	CaspaseGlo(1156.0009)	A1Inhibition	1156.0009.2461	K03	compound treatment	1760.0	313.02	0.9522	1360.0	-59.048	-0.19	0.5389	0.5551	3198536	BSPBio_002761	COc1ccc2C[C@H]3N(C)CC[C@]4([C@H]5Oc1c24)C3=CC[C@@H]5O
1156.0009	CaspaseGlo(1156.0009)	A1Inhibition	1156.0009.2461	K04	compound treatment	1400.0	-46.984	-0.1429	1400.0	-19.048	-0.0613	-0.1444	-0.9286	1040	BSPBio_002762	CC(C)CC1NC(=O)C(CCCN)NC(=O)C(NC(=O)C(Cc2ccc(O)cc2)NC(=O)C(CCC(=O)O)NC(=O)C(CC(=O)O)NC(=O)C(Cc3ccccc3)NC(=O)C(Cc4ccccc4)NC(=O)C5CCCN5C(=O)C(Cc6ccccc6)NC1=O)C(C)C
1156.0009	CaspaseGlo(1156.0009)	A1Inhibition	1156.0009.2461	K05	compound treatment	1320.0	-126.98	-0.3863	1480.0	60.952	0.1962	-0.1344	-0.3103	3079231	BSPBio_002763	CC1(C)O[C@H]2CC(=O)OC[C@@]23[C@H]1CC(=O)[C@]4(C)[C@@H]3CC[C@@]5(C)[C@@H](OC(=O)[C@H]6O[C@]654)c7ccoc7
1156.0009	CaspaseGlo(1156.0009)	A1Inhibition	1156.0009.2461	K06	compound treatment	1600.0	153.02	0.4655	1320.0	-99.048	-0.3187	0.1038	0.1839	1449108	BSPBio_002764	Cc1ccc2c(Cl)cc(Cl)c(O)c2n1
1156.0009	CaspaseGlo(1156.0009)	A1Inhibition	1156.0009.2461	K07	compound treatment	1760.0	313.02	0.9522	1560.0	140.95	0.4536	0.9941	0.9425	1087705	BSPBio_002765	CCOC(=O)C1=C(O)C(=O)N(Cc2ccccc2)C1
1156.0009	CaspaseGlo(1156.0009)	A1Inhibition	1156.0009.2461	K08	compound treatment	1320.0	-126.98	-0.3863	1480.0	60.952	0.1962	-0.1344	-0.3103	1402956	BSPBio_002766	CC(N)C(O)c1ccc(O)c(O)c1
1156.0009	CaspaseGlo(1156.0009)	A1Inhibition	1156.0009.2461	K09	compound treatment	1360.0	-86.984	-0.2646	2040.0	620.95	1.9983	1.2259	0.6082	1492782	BSPBio_002767	OCNC(=O)c1cccnc1
1156.0009	CaspaseGlo(1156.0009)	A1Inhibition	1156.0009.2461	K10	compound treatment	1280.0	-166.98	-0.508	1280.0	-139.05	-0.4475	-0.6756	-0.998	3055414	BSPBio_002768	OC[C@@H]1CCCN2CCCC[C@H]12
1156.0009	CaspaseGlo(1156.0009)	A1Inhibition	1156.0009.2461	K11	compound treatment	1960.0	513.02	1.5606	1480.0	60.952	0.1962	1.2422	0.7898	80	BSPBio_002769	CN(C)C(=O)C(CCN1CCC(O)(CC1)c2ccc(Cl)cc2)(c3ccccc3)c4ccccc4
1156.0009	CaspaseGlo(1156.0009)	A1Inhibition	1156.0009.2461	K12	compound treatment	1360.0	-86.984	-0.2646	1280.0	-139.05	-0.4475	-0.5035	-0.9686	2572	BSPBio_002770	COc1cc2CC[N+](C)(C)[C@@H]3Cc4ccc(O)c(Oc5cc6[C@H](Cc7ccc(Oc(c1O)c32)cc7)N(C)CCc6cc5OC)c4
1156.0009	CaspaseGlo(1156.0009)	A1Inhibition	1156.0009.2461	K13	compound treatment	1480.0	33.016	0.1004	1360.0	-59.048	-0.19	-0.0633	-0.2947	2060166	BSPBio_002771	CC1(C)CC2C1CCC(=C)/C(=N\O)/CCC2=C
1156.0009	CaspaseGlo(1156.0009)	A1Inhibition	1156.0009.2461	K14	compound treatment	1800.0	353.02	1.0739	1520.0	100.95	0.3249	0.9891	0.8816	4624	BSPBio_002772	COc1cc(cc(OC)c1OC)[C@H]2[C@@H]3[C@H](COC3=O)Cc4c(O)c5OCOc5cc24
1156.0009	CaspaseGlo(1156.0009)	A1Inhibition	1156.0009.2461	K15	compound treatment	1600.0	153.02	0.4655	1440.0	20.952	0.0674	0.3768	0.8012	878	BSPBio_002773	CC(=O)NS(=O)(=O)c1ccc(N)cc1
1156.0009	CaspaseGlo(1156.0009)	A1Inhibition	1156.0009.2461	K16	compound treatment	1360.0	-86.984	-0.2646	1600.0	180.95	0.5823	0.2247	0.3512	3172974	BSPBio_002774	C[C@@H]1O[C@@H](O[C@H]2C[C@@H](O)[C@]3(CO)C4[C@H](O)C[C@]5(C)[C@H](CC[C@]5(O)C4CC[C@]3(O)C2)C6=CC(=O)OC6)[C@H](O)[C@H](O)[C@H]1O
1156.0009	CaspaseGlo(1156.0009)	A1Inhibition	1156.0009.2461	K17	compound treatment	1960.0	513.02	1.5606	1600.0	180.95	0.5823	1.5153	0.9097	1047	BSPBio_002775	CN(C)CCCN1c2ccccc2Sc3ccccc13
1156.0009	CaspaseGlo(1156.0009)	A1Inhibition	1156.0009.2461	K18	compound treatment	560.0	-886.98	-2.6982	480.0	-939.05	-3.022	-4.0448	-0.9984	1602	BSPBio_002776	COc1ccc(cc1)c2coc3cc(O)cc(O)c3c2=O
1156.0009	CaspaseGlo(1156.0009)	A1Inhibition	1156.0009.2461	K19	compound treatment	1880.0	433.02	1.3173	1240.0	-179.05	-0.5762	0.524	0.3645	681	BSPBio_002777	CC(CN1c2ccccc2Sc3ccccc13)N(C)C
1156.0009	CaspaseGlo(1156.0009)	A1Inhibition	1156.0009.2461	K20	compound treatment	1680.0	233.02	0.7088	1240.0	-179.05	-0.5762	0.0938	0.1027	2060451	BSPBio_002778	CC(C)(O)CC[C@@H](O)[C@](C)(O)C1CC[C@@]2(O)C3=CC(=O)C4C[C@@H](O)[C@@H](O)C[C@]4(C)C3CC[C@]12C
1156.0009	CaspaseGlo(1156.0009)	A1Inhibition	1156.0009.2461	K21	compound treatment	1960.0	513.02	1.5606	1360.0	-59.048	-0.19	0.9692	0.6165	907089	BSPBio_002779	Cn1c(=O)n(C)c2ncn(CCCl)c2c1=O
1156.0009	CaspaseGlo(1156.0009)	A1Inhibition	1156.0009.2461	K22	compound treatment	1280.0	-166.98	-0.508	1200.0	-219.05	-0.7049	-0.8576	-0.9871	989	BSPBio_002780	NC(=N)NCCCCNC(=N)N
1156.0009	CaspaseGlo(1156.0009)	A1Inhibition	1156.0009.2461	K23	mock treatment	1400.0	-46.984	-0.1429	1480.0	60.952	0.1962	0.0376	0.1551			
1156.0009	CaspaseGlo(1156.0009)	A1Inhibition	1156.0009.2461	K24	mock treatment	1520.0	73.016	0.2221	1600.0	180.95	0.5823	0.5688	0.9127			
1156.0009	CaspaseGlo(1156.0009)	A1Inhibition	1156.0009.2461	L01	mock treatment	1200.0	-246.98	-0.7513	1440.0	20.952	0.0674	-0.4836	-0.6411			
1156.0009	CaspaseGlo(1156.0009)	A1Inhibition	1156.0009.2461	L02	mock treatment	1240.0	-206.98	-0.6297	1280.0	-139.05	-0.4475	-0.7616	-0.986			
1156.0009	CaspaseGlo(1156.0009)	A1Inhibition	1156.0009.2461	L03	compound treatment	1360.0	-86.984	-0.2646	1360.0	-59.048	-0.19	-0.3215	-0.9868	3055569	BSPBio_002781	OCc1cccnc1.OC(C(O)C(=O)O)C(=O)O
1156.0009	CaspaseGlo(1156.0009)	A1Inhibition	1156.0009.2461	L04	compound treatment	1600.0	153.02	0.4655	1520.0	100.95	0.3249	0.5589	0.9845	3172979	BSPBio_002782	C[C@H]1C2C(CC3C4CC=C5C[C@@H](O)CC[C@]5(C)C4CC[C@]23C)O[C@@]61CC[C@@H](C)CO6
1156.0009	CaspaseGlo(1156.0009)	A1Inhibition	1156.0009.2461	L05	compound treatment	1400.0	-46.984	-0.1429	1360.0	-59.048	-0.19	-0.2354	-0.9901	1338	BSPBio_002783	CCCC(C(=O)OCCN(CC)CC)(c1ccccc1)c2ccccc2
1156.0009	CaspaseGlo(1156.0009)	A1Inhibition	1156.0009.2461	L06	compound treatment	1640.0	193.02	0.5872	1720.0	300.95	0.9685	1.1	0.9712	3046390	BSPBio_002784	CCC(=O)O[C@H]1CCC2C3CCC4=CC(=O)CC[C@]4(C)C3CC[C@]12C
1156.0009	CaspaseGlo(1156.0009)	A1Inhibition	1156.0009.2461	L07	compound treatment	1880.0	433.02	1.3173	1320.0	-99.048	-0.3187	0.7061	0.521	2060488	BSPBio_002785	CC(=CCC[C@@](C)(O)C=C)C
1156.0009	CaspaseGlo(1156.0009)	A1Inhibition	1156.0009.2461	L08	compound treatment	1400.0	-46.984	-0.1429	1680.0	260.95	0.8398	0.4927	0.5784	1053058	BSPBio_002786	COc1cc(OC)c2c(=O)c(O)c(oc2c1)c3ccc(OC)c(OC)c3
1156.0009	CaspaseGlo(1156.0009)	A1Inhibition	1156.0009.2461	L09	compound treatment	1720.0	273.02	0.8305	1480.0	60.952	0.1962	0.726	0.8507	3177316	BSPBio_002787	C[C@@H]1O[C@@H](O[C@H]2CC[C@]3(C=O)C4CC[C@]5(C)[C@H](CC[C@]5(O)C4CC[C@]3(O)C2)C6=CC(=O)OC6)[C@H](O)[C@H](O)[C@H]1O
1156.0009	CaspaseGlo(1156.0009)	A1Inhibition	1156.0009.2461	L10	compound treatment	1600.0	153.02	0.4655	1440.0	20.952	0.0674	0.3768	0.8012	910	BSPBio_002788	CN1CC(CNC(=O)OCc2ccccc2)C[C@@H]3C1Cc4cn(C)c5cccc3c45
1156.0009	CaspaseGlo(1156.0009)	A1Inhibition	1156.0009.2461	L11	compound treatment	1560.0	113.02	0.3438	1480.0	60.952	0.1962	0.3818	0.9646	1591	BSPBio_002789	CC(C)C[C@@H](NC(=O)OCC1c2ccccc2-c3ccccc13)C(=O)O
1156.0009	CaspaseGlo(1156.0009)	A1Inhibition	1156.0009.2461	L12	compound treatment	1440.0	-6.9841	-0.0212	1760.0	340.95	1.0972	0.7608	0.6933	2060173	BSPBio_002790	CC(C)C1CCC(C)(O)C2CCC(=CC12)C
1156.0009	CaspaseGlo(1156.0009)	A1Inhibition	1156.0009.2461	L13	compound treatment	1280.0	-166.98	-0.508	1480.0	60.952	0.1962	-0.2205	-0.4049	3173991	BSPBio_002791	C[C@@]12CCC3C(CC[C@@H]4C[C@@H](O)CC[C@@]43C)[C@@]2(O)C[C@H](O)[C@@H]1C5=CC(=O)OC5
1156.0009	CaspaseGlo(1156.0009)	A1Inhibition	1156.0009.2461	L14	compound treatment	1640.0	193.02	0.5872	1640.0	220.95	0.711	0.918	0.9955	1952709	BSPBio_002792	COc1ccc2c(C)cc(=O)oc2c1
1156.0009	CaspaseGlo(1156.0009)	A1Inhibition	1156.0009.2461	L15	compound treatment	1400.0	-46.984	-0.1429	1440.0	20.952	0.0674	-0.0534	-0.3378	2069254	BSPBio_002793	CCCCCc1c(C(=O)O)c(O)cc2OC(=O)c3c(cc(OC)cc3Oc12)C(=O)CCCC
1156.0009	CaspaseGlo(1156.0009)	A1Inhibition	1156.0009.2461	L16	compound treatment	1640.0	193.02	0.5872	1400.0	-19.048	-0.0613	0.3718	0.6299	2060362	BSPBio_002794	COc1ccc(cc1)c2c(OC)c3c(OC)c4C=CC(C)(C)Oc4cc3oc2=O
1156.0009	CaspaseGlo(1156.0009)	A1Inhibition	1156.0009.2461	L17	compound treatment	1560.0	113.02	0.3438	1400.0	-19.048	-0.0613	0.1998	0.572	1286	BSPBio_002795	Cc1cc(ccc1OCCOCC[N+](C)(C)Cc2ccccc2)C(C)(C)CC(C)(C)C
1156.0009	CaspaseGlo(1156.0009)	A1Inhibition	1156.0009.2461	L18	compound treatment	1640.0	193.02	0.5872	1760.0	340.95	1.0972	1.191	0.9571	2069324	BSPBio_002796	COc1cc(/C=C/C(=O)O)cc(OC)c1OC
1156.0009	CaspaseGlo(1156.0009)	A1Inhibition	1156.0009.2461	L19	compound treatment	1440.0	-6.9841	-0.0212	1040.0	-379.05	-1.2198	-0.8776	-0.7193	1317	BSPBio_002797	Fc1ccc(cc1)C(c2ccccc2)(c3ccccc3F)n4ccnc4
1156.0009	CaspaseGlo(1156.0009)	A1Inhibition	1156.0009.2461	L20	compound treatment	1800.0	353.02	1.0739	1160.0	-259.05	-0.8336	0.1699	0.125	1099943	BSPBio_002798	COc1c2C=CC(C)(C)Oc2c(CC=C(C)C)c3oc(=O)c(c(O)c13)c4ccc(O)cc4
1156.0009	CaspaseGlo(1156.0009)	A1Inhibition	1156.0009.2461	L21	compound treatment	1160.0	-286.98	-0.873	1400.0	-19.048	-0.0613	-0.6607	-0.7549	2060426	BSPBio_002799	COc1c(O)cccc1O
1156.0009	CaspaseGlo(1156.0009)	A1Inhibition	1156.0009.2461	L22	compound treatment	1240.0	-206.98	-0.6297	1160.0	-259.05	-0.8336	-1.0347	-0.9904	2069297	BSPBio_002800	CC(C)CCCC(C)[C@H]1CCC2C3CC=C4C[C@H](CC[C@]4(C)C3CC[C@]12C)OC(=O)C
1156.0009	CaspaseGlo(1156.0009)	A1Inhibition	1156.0009.2461	L23	mock treatment	1200.0	-246.98	-0.7513	1400.0	-19.048	-0.0613	-0.5746	-0.7623			
1156.0009	CaspaseGlo(1156.0009)	A1Inhibition	1156.0009.2461	L24	mock treatment	1560.0	113.02	0.3438	1200.0	-219.05	-0.7049	-0.2553	-0.3256			
1156.0009	CaspaseGlo(1156.0009)	A1Inhibition	1156.0009.2461	M01	mock treatment	1200.0	-246.98	-0.7513	1320.0	-99.048	-0.3187	-0.7567	-0.9271			
1156.0009	CaspaseGlo(1156.0009)	A1Inhibition	1156.0009.2461	M02	mock treatment	1480.0	33.016	0.1004	1240.0	-179.05	-0.5762	-0.3364	-0.5752			
1156.0009	CaspaseGlo(1156.0009)	A1Inhibition	1156.0009.2461	M03	compound treatment	1280.0	-166.98	-0.508	1200.0	-219.05	-0.7049	-0.8576	-0.9871	3079366	BSPBio_002801	O[C@@H]1[C@H]2COC(O2)[C@H](O)[C@H]1O
1156.0009	CaspaseGlo(1156.0009)	A1Inhibition	1156.0009.2461	M04	compound treatment	1080.0	-366.98	-1.1164	1200.0	-219.05	-0.7049	-1.2879	-0.9754	3172730	BSPBio_002802	OC[C@H]1O[C@H]([C@H](O)[C@@H]1O)n2cnc3c(NCc4ccco4)ncnc23
1156.0009	CaspaseGlo(1156.0009)	A1Inhibition	1156.0009.2461	M05	compound treatment	1360.0	-86.984	-0.2646	1200.0	-219.05	-0.7049	-0.6856	-0.9105	1006766	BSPBio_002803	OC(=O)c1ccc2OCOc2c1
1156.0009	CaspaseGlo(1156.0009)	A1Inhibition	1156.0009.2461	M06	compound treatment	1440.0	-6.9841	-0.0212	1600.0	180.95	0.5823	0.3967	0.6809	829	BSPBio_002804	CC(C)c1c(O)c(O)c(C=O)c2c(O)c(c(C)cc12)c3c(C)cc4c(C(C)C)c(O)c(O)c(C=O)c4c3O
1156.0009	CaspaseGlo(1156.0009)	A1Inhibition	1156.0009.2461	M07	compound treatment	1640.0	193.02	0.5872	1280.0	-139.05	-0.4475	0.0988	0.1338	846	BSPBio_002805	Cc1nc2sccn2c(=O)c1CCN3CCC(=C(c4ccc(F)cc4)c5ccc(F)cc5)CC3
1156.0009	CaspaseGlo(1156.0009)	A1Inhibition	1156.0009.2461	M08	compound treatment	1320.0	-126.98	-0.3863	1440.0	20.952	0.0674	-0.2255	-0.575	1008178	BSPBio_002806	COc1cc(C)c(C(=O)Oc2cc(C)c(C(=O)O)c(O)c2C)c(OC)c1C
1156.0009	CaspaseGlo(1156.0009)	A1Inhibition	1156.0009.2461	M09	compound treatment	1640.0	193.02	0.5872	1440.0	20.952	0.0674	0.4629	0.7832	2060286	BSPBio_002807	CC(C)CC(=O)c1c(O)c(CC=C(C)C)c(O)c2c(cc(=O)oc12)c3ccccc3
1156.0009	CaspaseGlo(1156.0009)	A1Inhibition	1156.0009.2461	M10	compound treatment	880.0	-566.98	-1.7248	1000.0	-419.05	-1.3485	-2.1732	-0.9926	1610	BSPBio_002808	COc1ccc(cc1O)[C@@H]2CC(=O)c3c(O)cc(O)cc3O2
1156.0009	CaspaseGlo(1156.0009)	A1Inhibition	1156.0009.2461	M11	compound treatment	1600.0	153.02	0.4655	1200.0	-219.05	-0.7049	-0.1693	-0.2004	3055336	BSPBio_002809	Oc1ccc2sc(=O)oc2c1
1156.0009	CaspaseGlo(1156.0009)	A1Inhibition	1156.0009.2461	M12	compound treatment	1920.0	473.02	1.4389	1480.0	60.952	0.1962	1.1562	0.7961	1599	BSPBio_002810	C=CCc1ccc2OCOc2c1
1156.0009	CaspaseGlo(1156.0009)	A1Inhibition	1156.0009.2461	M13	compound treatment	1320.0	-126.98	-0.3863	1080.0	-339.05	-1.0911	-1.0447	-0.9026	2060254	BSPBio_002811	CC(=O)CC1CCCCN1
1156.0009	CaspaseGlo(1156.0009)	A1Inhibition	1156.0009.2461	M14	compound treatment	1520.0	73.016	0.2221	1400.0	-19.048	-0.0613	0.1137	0.4935	1065857	BSPBio_002812	NC(CNC(=O)N)C(=O)O
1156.0009	CaspaseGlo(1156.0009)	A1Inhibition	1156.0009.2461	M15	compound treatment	1640.0	193.02	0.5872	1440.0	20.952	0.0674	0.4629	0.7832	1984013	BSPBio_002813	C/C=C/c1ccc2OCOc2c1
1156.0009	CaspaseGlo(1156.0009)	A1Inhibition	1156.0009.2461	M16	compound treatment	1320.0	-126.98	-0.3863	1480.0	60.952	0.1962	-0.1344	-0.3103	2060361	BSPBio_002814	C/C=C(/C)\C(=O)O[C@@H]1[C@H](OC(=O)C)[C@]2(CO)[C@H](O)C[C@]3(C)C(=CCC4[C@@]5(C)CC[C@H](O[C@@H]6O[C@@H]([C@@H](O[C@@H]7O[C@H](CO)[C@@H](O)[C@H](O)[C@H]7O)[C@H](O)[C@H]6O[C@@H]8O[C@H](CO)[C@@H](O)[C@H](O)[C@H]8O)C(=O)O)[C@](C)(CO)C5CC[C@]43C)C2CC1(C)C
1156.0009	CaspaseGlo(1156.0009)	A1Inhibition	1156.0009.2461	M17	compound treatment	1520.0	73.016	0.2221	1880.0	460.95	1.4834	1.206	0.804	3079232	BSPBio_002815	COc1ccc2c(=O)ccoc2c1
1156.0009	CaspaseGlo(1156.0009)	A1Inhibition	1156.0009.2461	M18	compound treatment	1520.0	73.016	0.2221	1640.0	220.95	0.711	0.6598	0.8858	2069279	BSPBio_002816	CCC(C)C(NC)C(=O)O
1156.0009	CaspaseGlo(1156.0009)	A1Inhibition	1156.0009.2461	M19	compound treatment	1600.0	153.02	0.4655	1480.0	60.952	0.1962	0.4678	0.9262	2069285	BSPBio_002817	CCCCCC(=O)Cc1cc(O)cc(O)c1C(=O)Oc2cc(CC(=O)CCCCC)c(C(=O)O)c(OC)c2
1156.0009	CaspaseGlo(1156.0009)	A1Inhibition	1156.0009.2461	M20	compound treatment	1400.0	-46.984	-0.1429	1320.0	-99.048	-0.3187	-0.3265	-0.9345	3055475	BSPBio_002818	COc1ccc(/C=C/C)cc1
1156.0009	CaspaseGlo(1156.0009)	A1Inhibition	1156.0009.2461	M21	compound treatment	1280.0	-166.98	-0.508	1280.0	-139.05	-0.4475	-0.6756	-0.998	1050711	BSPBio_002819	COc1cc(OC)cc(OC)c1
1156.0009	CaspaseGlo(1156.0009)	A1Inhibition	1156.0009.2461	M22	compound treatment	1520.0	73.016	0.2221	1200.0	-219.05	-0.7049	-0.3414	-0.4619	2069274	BSPBio_002820	CC(O)c1c(C)c2cc3[nH]c(cc4nc(cc5[nH]c(cc1n2)c(C)c5CCC(=O)O)c(CCC(=O)O)c4C)c(C)c3C(C)O
1156.0009	CaspaseGlo(1156.0009)	A1Inhibition	1156.0009.2461	M23	mock treatment	1320.0	-126.98	-0.3863	1400.0	-19.048	-0.0613	-0.3165	-0.8092			
1156.0009	CaspaseGlo(1156.0009)	A1Inhibition	1156.0009.2461	M24	mock treatment	1400.0	-46.984	-0.1429	1400.0	-19.048	-0.0613	-0.1444	-0.9286			
1156.0009	CaspaseGlo(1156.0009)	A1Inhibition	1156.0009.2461	N01	mock treatment	1720.0	273.02	0.8305	1520.0	100.95	0.3249	0.817	0.9161			
1156.0009	CaspaseGlo(1156.0009)	A1Inhibition	1156.0009.2461	N02	mock treatment	1400.0	-46.984	-0.1429	1320.0	-99.048	-0.3187	-0.3265	-0.9345			
1156.0009	CaspaseGlo(1156.0009)	A1Inhibition	1156.0009.2461	N03	compound treatment	1640.0	193.02	0.5872	1080.0	-339.05	-1.0911	-0.3563	-0.2876	1040795	BSPBio_002821	COc1cccc(O)c1O
1156.0009	CaspaseGlo(1156.0009)	A1Inhibition	1156.0009.2461	N04	compound treatment	1440.0	-6.9841	-0.0212	1160.0	-259.05	-0.8336	-0.6045	-0.7249	2060373	BSPBio_002822	COc1c(O)cc2c(cc(=O)oc2c1OC)c3ccccc3
1156.0009	CaspaseGlo(1156.0009)	A1Inhibition	1156.0009.2461	N05	compound treatment	1480.0	33.016	0.1004	1520.0	100.95	0.3249	0.3007	0.8844	3650211	BSPBio_002823	COc1ccccc1OCCNCC(O)COc2cccc3[nH]c4ccccc4c23.OC(C(O)C(=O)O)C(=O)O
1156.0009	CaspaseGlo(1156.0009)	A1Inhibition	1156.0009.2461	N06	compound treatment	1520.0	73.016	0.2221	1320.0	-99.048	-0.3187	-0.0683	-0.1759	1004889	BSPBio_002824	CC(=O)Nc1cccc(O)c1
1156.0009	CaspaseGlo(1156.0009)	A1Inhibition	1156.0009.2461	N07	compound treatment	1440.0	-6.9841	-0.0212	1080.0	-339.05	-1.0911	-0.7865	-0.7207	1025940	BSPBio_002825	Cc1cc(O)c2C(=O)c3c(O)cccc3C(=O)c2c1
1156.0009	CaspaseGlo(1156.0009)	A1Inhibition	1156.0009.2461	N08	compound treatment	1600.0	153.02	0.4655	1360.0	-59.048	-0.19	0.1948	0.3874	2069270	BSPBio_002826	CC(C)CCCC(C)C1CCC2C3CC(=O)[C@H]4C[C@@H](O)CC[C@]4(C)C3CC[C@]12C
1156.0009	CaspaseGlo(1156.0009)	A1Inhibition	1156.0009.2461	N09	compound treatment	1160.0	-286.98	-0.873	1560.0	140.95	0.4536	-0.2966	-0.3014	3198534	BSPBio_002827	OCC(O)CC(O)CCCCCCCCCCCC=C.OCC(O)CC(O)CCCCCCCCCCCC#C
1156.0009	CaspaseGlo(1156.0009)	A1Inhibition	1156.0009.2461	N10	compound treatment	1280.0	-166.98	-0.508	1160.0	-259.05	-0.8336	-0.9487	-0.9718	2060214	BSPBio_002828	COc1c(ccc2OC(C)(C)C=Cc12)c3coc4cc5OC(C)(C)C(O)Cc5cc4c3=O
1156.0009	CaspaseGlo(1156.0009)	A1Inhibition	1156.0009.2461	N11	compound treatment	1320.0	-126.98	-0.3863	1520.0	100.95	0.3249	-0.0434	-0.086	1049466	BSPBio_002829	COc1cc(C)c2C(=O)Oc3c(C)c(O)c4C(=O)OC(O)c4c3Oc2c1C=O
1156.0009	CaspaseGlo(1156.0009)	A1Inhibition	1156.0009.2461	N12	compound treatment	1560.0	113.02	0.3438	1760.0	340.95	1.0972	1.019	0.8862	2060174	BSPBio_002830	CC(=CCc1c2OC(C)(C)C=Cc2c(O)c3c(=O)c(O)c(oc13)c4ccccc4)C
1156.0009	CaspaseGlo(1156.0009)	A1Inhibition	1156.0009.2461	N13	compound treatment	1840.0	393.02	1.1956	1600.0	180.95	0.5823	1.2572	0.9453	2069233	BSPBio_002831	COc1ccc2C3CCC4(C)C(O)[C@H](O)CC4C3CCc2c1
1156.0009	CaspaseGlo(1156.0009)	A1Inhibition	1156.0009.2461	N14	compound treatment	320.0	-1127.0	-3.4283	360.0	-1059.0	-3.4081	-4.8341	-1.0	2069249	BSPBio_002832	COc1ccc(cc1)c2coc3c(O)c(OC)ccc3c2=O
1156.0009	CaspaseGlo(1156.0009)	A1Inhibition	1156.0009.2461	N15	compound treatment	1480.0	33.016	0.1004	1680.0	260.95	0.8398	0.6648	0.7861	1140	BSPBio_002833	CC(=O)OC/C=C(\C)/C=C/C=C(\C)/C=C/C1=C(C)CCCC1(C)C
1156.0009	CaspaseGlo(1156.0009)	A1Inhibition	1156.0009.2461	N16	compound treatment	1360.0	-86.984	-0.2646	1560.0	140.95	0.4536	0.1336	0.2545	1044412	BSPBio_002834	Oc1cc2ccccc2oc1=O
1156.0009	CaspaseGlo(1156.0009)	A1Inhibition	1156.0009.2461	N17	compound treatment	1440.0	-6.9841	-0.0212	1600.0	180.95	0.5823	0.3967	0.6809	1495	BSPBio_002835	OC(=O)CCCCC1CCSS1
1156.0009	CaspaseGlo(1156.0009)	A1Inhibition	1156.0009.2461	N18	compound treatment	1400.0	-46.984	-0.1429	1680.0	260.95	0.8398	0.4927	0.5784	3059435	BSPBio_002836	CC[C@@H]1[C@@H](Cc2cncn2C)COC1=O
1156.0009	CaspaseGlo(1156.0009)	A1Inhibition	1156.0009.2461	N19	compound treatment	1200.0	-246.98	-0.7513	1440.0	20.952	0.0674	-0.4836	-0.6411	1262	BSPBio_002837	NC[C@H]1CC[C@@H](CC1)C(=O)O
1156.0009	CaspaseGlo(1156.0009)	A1Inhibition	1156.0009.2461	N20	compound treatment	320.0	-1127.0	-3.4283	240.0	-1179.0	-3.7943	-5.1072	-0.9987	1308020	BSPBio_002838	COc1ccc(cc1)c2cc(=O)c3ccccc3o2
1156.0009	CaspaseGlo(1156.0009)	A1Inhibition	1156.0009.2461	N21	compound treatment	1200.0	-246.98	-0.7513	1120.0	-299.05	-0.9624	-1.2118	-0.9925	2069229	BSPBio_002839	Oc1ccc2oc3ccccc3c(=O)c2c1
1156.0009	CaspaseGlo(1156.0009)	A1Inhibition	1156.0009.2461	N22	compound treatment	1200.0	-246.98	-0.7513	1560.0	140.95	0.4536	-0.2105	-0.2399	3198325	BSPBio_002840	COc1ccc(cc1)c2cc(=O)c3c(OC)cc(O)cc3o2
1156.0009	CaspaseGlo(1156.0009)	A1Inhibition	1156.0009.2461	N23	mock treatment	1160.0	-286.98	-0.873	1280.0	-139.05	-0.4475	-0.9337	-0.9518			
1156.0009	CaspaseGlo(1156.0009)	A1Inhibition	1156.0009.2461	N24	mock treatment	1440.0	-6.9841	-0.0212	1360.0	-59.048	-0.19	-0.1494	-0.7813			
1156.0009	CaspaseGlo(1156.0009)	A1Inhibition	1156.0009.2461	O01	mock treatment	1720.0	273.02	0.8305	1280.0	-139.05	-0.4475	0.2709	0.2871			
1156.0009	CaspaseGlo(1156.0009)	A1Inhibition	1156.0009.2461	O02	mock treatment	1120.0	-326.98	-0.9947	1560.0	140.95	0.4536	-0.3826	-0.35			
1156.0009	CaspaseGlo(1156.0009)	A1Inhibition	1156.0009.2461	O03	compound treatment	1400.0	-46.984	-0.1429	1400.0	-19.048	-0.0613	-0.1444	-0.9286	966	BSPBio_002841	OC[C@@H]1OC(=O)[C@@H](O)[C@H](O)[C@H]1O
1156.0009	CaspaseGlo(1156.0009)	A1Inhibition	1156.0009.2461	O04	compound treatment	1080.0	-366.98	-1.1164	1840.0	420.95	1.3547	0.1685	0.096	3058484	BSPBio_002842	CC(CCC(=O)O)[C@H]1CCC2C3C[C@H](O)[C@@H]4C[C@H](O)CC[C@]4(C)C3CC[C@]12C
1156.0009	CaspaseGlo(1156.0009)	A1Inhibition	1156.0009.2461	O05	compound treatment	1400.0	-46.984	-0.1429	1680.0	260.95	0.8398	0.4927	0.5784	352677	BSPBio_002843	COc1ccccc1N2CCNCC2
1156.0009	CaspaseGlo(1156.0009)	A1Inhibition	1156.0009.2461	O06	compound treatment	1280.0	-166.98	-0.508	1080.0	-339.05	-1.0911	-1.1307	-0.9395	2060300	BSPBio_002844	COc1ccc(cc1)c2cc(=O)c3c(O)cc(O)c(c4cc(ccc4OC)c5cc(=O)c6c(O)cc(O)cc6o5)c3o2
1156.0009	CaspaseGlo(1156.0009)	A1Inhibition	1156.0009.2461	O07	compound treatment	1520.0	73.016	0.2221	1440.0	20.952	0.0674	0.2047	0.882	1019888	BSPBio_002845	NCC(=O)c1ccccc1
1156.0009	CaspaseGlo(1156.0009)	A1Inhibition	1156.0009.2461	O08	compound treatment	1200.0	-246.98	-0.7513	1600.0	180.95	0.5823	-0.1195	-0.1257	1052338	BSPBio_002846	COc1cc2C(C)NCCc2cc1O
1156.0009	CaspaseGlo(1156.0009)	A1Inhibition	1156.0009.2461	O09	compound treatment	560.0	-886.98	-2.6982	440.0	-979.05	-3.1507	-4.1358	-0.997	1554635	BSPBio_002847	COc1cc(OC)c2c(=O)cc(oc2c1)c3ccccc3
1156.0009	CaspaseGlo(1156.0009)	A1Inhibition	1156.0009.2461	O10	compound treatment	1720.0	273.02	0.8305	1600.0	180.95	0.5823	0.999	0.9849	401	BSPBio_002848	COc1cccc2c1cc([N+](=O)[O-])c3c(cc4OCOc4c23)C(=O)O
1156.0009	CaspaseGlo(1156.0009)	A1Inhibition	1156.0009.2461	O11	compound treatment	1640.0	193.02	0.5872	1400.0	-19.048	-0.0613	0.3718	0.6299	2069244	BSPBio_002849	CC(=O)OCC(O)/C=C/CCCCCCCCCCCC=C
1156.0009	CaspaseGlo(1156.0009)	A1Inhibition	1156.0009.2461	O12	compound treatment	1560.0	113.02	0.3438	1720.0	300.95	0.9685	0.9279	0.9029	2060502	BSPBio_002850	COc1cc(cc(OC)c1O)C(=O)C
1156.0009	CaspaseGlo(1156.0009)	A1Inhibition	1156.0009.2461	O13	compound treatment	1480.0	33.016	0.1004	1480.0	60.952	0.1962	0.2097	0.9517	647	BSPBio_002851	Oc1ccc(CCC(=O)c2c(O)cc(O)cc2O)cc1
1156.0009	CaspaseGlo(1156.0009)	A1Inhibition	1156.0009.2461	O14	compound treatment	1400.0	-46.984	-0.1429	1280.0	-139.05	-0.4475	-0.4175	-0.8887	2069286	BSPBio_002852	CC(C)C(C)/C=C/C(C)[C@H]1CCC2C3=CCC4CC(=O)CC[C@]4(C)C3CC[C@]12C
1156.0009	CaspaseGlo(1156.0009)	A1Inhibition	1156.0009.2461	O15	compound treatment	1240.0	-206.98	-0.6297	1160.0	-259.05	-0.8336	-1.0347	-0.9904	4313	BSPBio_002853	CC(N)Cc1ccc(O)cc1
1156.0009	CaspaseGlo(1156.0009)	A1Inhibition	1156.0009.2461	O16	compound treatment	1320.0	-126.98	-0.3863	1440.0	20.952	0.0674	-0.2255	-0.575	3173993	BSPBio_002854	O[C@H]1CC[C@H]2CN3CCc4c([nH]c5ccccc45)[C@@H]3C[C@@H]2[C@H]1C(=O)O
1156.0009	CaspaseGlo(1156.0009)	A1Inhibition	1156.0009.2461	O17	compound treatment	1480.0	33.016	0.1004	1440.0	20.952	0.0674	0.1187	0.9812	2060176	BSPBio_002855	CC(=O)/C=C\[C@H]1[C@](C)(O)CCC2C(C)(C)CCC[C@]12C
1156.0009	CaspaseGlo(1156.0009)	A1Inhibition	1156.0009.2461	O18	compound treatment	1760.0	313.02	0.9522	1720.0	300.95	0.9685	1.3581	1.0	2069278	BSPBio_002856	Cc1cc(O)c(C=O)c(O)c1C(=O)O
1156.0009	CaspaseGlo(1156.0009)	A1Inhibition	1156.0009.2461	O19	compound treatment	1160.0	-286.98	-0.873	1600.0	180.95	0.5823	-0.2056	-0.1959	3078269	BSPBio_002857	OCC(O)CC(O)CCCCCCCCCCCC=C
1156.0009	CaspaseGlo(1156.0009)	A1Inhibition	1156.0009.2461	O20	compound treatment	1440.0	-6.9841	-0.0212	1400.0	-19.048	-0.0613	-0.0584	-0.8997	2060427	BSPBio_002858	CO[C@@H]1C[C@H](O[C@H]2CC[C@]3(C)C4CC[C@]5(C)[C@H](CC[C@]5(O)[C@@H]4CC[C@]3(O)C2)C6=CC(=O)OC6)O[C@H](C)[C@@H]1O
1156.0009	CaspaseGlo(1156.0009)	A1Inhibition	1156.0009.2461	O21	compound treatment	1360.0	-86.984	-0.2646	1440.0	20.952	0.0674	-0.1394	-0.5106	3054108	BSPBio_002859	Nc1nc2ncc(=O)[nH]c2c(=O)[nH]1
1156.0009	CaspaseGlo(1156.0009)	A1Inhibition	1156.0009.2461	O22	compound treatment	440.0	-1007.0	-3.0633	520.0	-899.05	-2.8932	-4.2119	-0.9996	1353	BSPBio_002860	COC(=O)/C(=C/1\OC(=O)C(C1=O)c2ccccc2)/c3ccccc3
1156.0009	CaspaseGlo(1156.0009)	A1Inhibition	1156.0009.2461	O23	mock treatment	1280.0	-166.98	-0.508	1760.0	340.95	1.0972	0.4167	0.3446			
1156.0009	CaspaseGlo(1156.0009)	A1Inhibition	1156.0009.2461	O24	mock treatment	1440.0	-6.9841	-0.0212	1640.0	220.95	0.711	0.4878	0.6857			
1156.0009	CaspaseGlo(1156.0009)	A1Inhibition	1156.0009.2461	P01	mock treatment	1560.0	113.02	0.3438	1480.0	60.952	0.1962	0.3818	0.9646			
1156.0009	CaspaseGlo(1156.0009)	A1Inhibition	1156.0009.2461	P02	mock treatment	1640.0	193.02	0.5872	1360.0	-59.048	-0.19	0.2808	0.455			
1156.0009	CaspaseGlo(1156.0009)	A1Inhibition	1156.0009.2461	P03	compound treatment	1240.0	-206.98	-0.6297	1480.0	60.952	0.1962	-0.3065	-0.4648	1913676	BSPBio_002861	COc1ccc(cc1)C(=O)/C=C/c2ccccc2
1156.0009	CaspaseGlo(1156.0009)	A1Inhibition	1156.0009.2461	P04	compound treatment	1240.0	-206.98	-0.6297	1520.0	100.95	0.3249	-0.2155	-0.3042	2060170	BSPBio_002862	CC(=O)OC1CCC2(O)CC1(C)CCC3C2CC3(C)C
1156.0009	CaspaseGlo(1156.0009)	A1Inhibition	1156.0009.2461	P05	compound treatment	1440.0	-6.9841	-0.0212	1320.0	-99.048	-0.3187	-0.2404	-0.7526	3058489	BSPBio_002863	CC(C)CCCC(C)C1CCC2C3CC[C@H]4C[C@@H](O)CC[C@]4(C)C3CC[C@]12C
1156.0009	CaspaseGlo(1156.0009)	A1Inhibition	1156.0009.2461	P06	compound treatment	1440.0	-6.9841	-0.0212	1440.0	20.952	0.0674	0.0327	0.4619	3054976	BSPBio_002864	CC(C)[C@@H]1CC[C@@H](C)CC1=O
1156.0009	CaspaseGlo(1156.0009)	A1Inhibition	1156.0009.2461	P07	compound treatment	1280.0	-166.98	-0.508	1360.0	-59.048	-0.19	-0.4936	-0.91	3650212	BSPBio_002865	COC(=O)CCC(C)C1CCC2C3CC[C@@H]4C[C@H](O)CC[C@]4(C)C3C[C@H](O)[C@]12C
1156.0009	CaspaseGlo(1156.0009)	A1Inhibition	1156.0009.2461	P08	compound treatment	1320.0	-126.98	-0.3863	1560.0	140.95	0.4536	0.0476	0.0799	41	BSPBio_002866	OC(=O)c1ccccc1Nc2cccc(c2)C(F)(F)F
1156.0009	CaspaseGlo(1156.0009)	A1Inhibition	1156.0009.2461	P09	compound treatment	1200.0	-246.98	-0.7513	1160.0	-259.05	-0.8336	-1.1207	-0.9987	3177462	BSPBio_002867	CCCCC(=O)O[C@@]1([C@@H](C)CC2C3CCC4=CC(=O)C=C[C@]4(C)[C@@]3(F)C(O)C[C@@]21C)C(=O)CO
1156.0009	CaspaseGlo(1156.0009)	A1Inhibition	1156.0009.2461	P10	compound treatment	2000.0	553.02	1.6823	1400.0	-19.048	-0.0613	1.1462	0.6809	2060212	BSPBio_002868	CC1(C)[C@H](O)CC(=O)[C@@]2(C)C1CC(=O)[C@]3(C)C2CC[C@@]4(C)[C@@H](OC(=O)[C@H]5O[C@]543)c6ccoc6
1156.0009	CaspaseGlo(1156.0009)	A1Inhibition	1156.0009.2461	P11	compound treatment	1440.0	-6.9841	-0.0212	1280.0	-139.05	-0.4475	-0.3314	-0.7398	1588	BSPBio_002869	CC(=O)C1C(=O)C=C2Oc3c(c(O)c(C)c(O)c3C(=O)C)C2(C)C1=O
1156.0009	CaspaseGlo(1156.0009)	A1Inhibition	1156.0009.2461	P12	compound treatment	1440.0	-6.9841	-0.0212	1400.0	-19.048	-0.0613	-0.0584	-0.8997	2060193	BSPBio_002870	CC1(C)C2CC1C(=C)C(N)C2
1156.0009	CaspaseGlo(1156.0009)	A1Inhibition	1156.0009.2461	P13	compound treatment	1480.0	33.016	0.1004	1560.0	140.95	0.4536	0.3918	0.8433	1497	BSPBio_002871	NC[C@H]1O[C@H](O[C@@H]2[C@@H](N)C[C@@H](N)[C@H](O)C2O[C@@H]3O[C@H](CO)[C@@H](O)[C@H]3O)[C@H](N)[C@@H](O)[C@@H]1O
1156.0009	CaspaseGlo(1156.0009)	A1Inhibition	1156.0009.2461	P14	compound treatment	1520.0	73.016	0.2221	1120.0	-299.05	-0.9624	-0.5234	-0.53	3650213	BSPBio_002872	CC1(C)CC2C1CC[C@]3(CBr)CCC4C(CC(=O)O)C(=O)O[C@]24C3
1156.0009	CaspaseGlo(1156.0009)	A1Inhibition	1156.0009.2461	P15	compound treatment	1240.0	-206.98	-0.6297	1920.0	500.95	1.6121	0.6947	0.4014	3046211	BSPBio_002873	CCC(C)[C@H]1O[C@@]2(C[C@@H]3C[C@@H](C/C=C(\C)/[C@@H](OC4C[C@H](OC)C(O[C@H]5C[C@H](OC)[C@@H](O)[C@H](C)O5)[C@H](C)O4)[C@@H](C)/C=C/C=C/6\CO[C@@H]7[C@H](O)C(=C[C@@H](C(=O)O3)[C@@]76O)C)O2)C=C[C@@H]1C
1156.0009	CaspaseGlo(1156.0009)	A1Inhibition	1156.0009.2461	P16	compound treatment	1840.0	393.02	1.1956	1400.0	-19.048	-0.0613	0.8021	0.67	2060149	BSPBio_002874	Cc1cc(O)c2C(=O)c3c(O)cccc3Cc2c1
1156.0009	CaspaseGlo(1156.0009)	A1Inhibition	1156.0009.2461	P17	compound treatment	1560.0	113.02	0.3438	1640.0	220.95	0.711	0.7459	0.9444	1319	BSPBio_002875	NCCCCN
1156.0009	CaspaseGlo(1156.0009)	A1Inhibition	1156.0009.2461	P18	compound treatment	1640.0	193.02	0.5872	1440.0	20.952	0.0674	0.4629	0.7832	3081416	BSPBio_002876	CC(CCC=C(C)C)C1CC[C@@]2(C)C3=C(CC[C@]12C)C4(C)CC[C@H](O)C(C)(C)C4CC3
1156.0009	CaspaseGlo(1156.0009)	A1Inhibition	1156.0009.2461	P19	compound treatment	1360.0	-86.984	-0.2646	1520.0	100.95	0.3249	0.0426	0.1017	1039	BSPBio_002877	CC[C@]1(CCCN2CCc3c4[C@@H]21)CC(=O)n4c5ccccc35
1156.0009	CaspaseGlo(1156.0009)	A1Inhibition	1156.0009.2461	P20	compound treatment	1800.0	353.02	1.0739	2120.0	700.95	2.2557	2.3544	0.9424	2060192	BSPBio_002878	CC1(C)CC2C1CCC3(C)CCCC2(O)C3
1156.0009	CaspaseGlo(1156.0009)	A1Inhibition	1156.0009.2461	P21	compound treatment	1240.0	-206.98	-0.6297	1840.0	420.95	1.3547	0.5127	0.3432	790	BSPBio_002879	COc1ccc2[C@@H](OC(=O)c2c1OC)[C@@H]3N(C)CCc4cc5OCOc5cc34
1156.0009	CaspaseGlo(1156.0009)	A1Inhibition	1156.0009.2461	P22	compound treatment	1520.0	73.016	0.2221	1520.0	100.95	0.3249	0.3868	0.9828	2069268	BSPBio_002880	CC(=O)O[C@H]1CC[C@]2(C)C3CC[C@@]4(C)C(CCC4=O)C3CC=C2C1
1156.0009	CaspaseGlo(1156.0009)	A1Inhibition	1156.0009.2461	P23	mock treatment	1200.0	-246.98	-0.7513	1200.0	-219.05	-0.7049	-1.0297	-0.9995			
1156.0009	CaspaseGlo(1156.0009)	A1Inhibition	1156.0009.2461	P24	mock treatment	1480.0	33.016	0.1004	1320.0	-99.048	-0.3187	-0.1544	-0.4619			
